23468{{}}373661{{}}Abhorrent Overlord{{}}Theros{{}}THE{{}}Creature — Demon{{}}6{{}}6{{}}{{}}{5}{B}{B}{{}}7{{}}Slawomir Maniak{{}}{{}}B{{}}{{}}75{{}}R{{}}3.857{{}}{{}}{{}}Flying|||When Abhorrent Overlord enters the battlefield, put a number of 1/1 black Harpy creature tokens with flying onto the battlefield equal to your devotion to black. <em>(Each {B} in the mana costs of permanents you control counts toward your devotion to black.)</em>|||At the beginning of your upkeep, sacrifice a creature.{{}}75{{}}TRUE
23469{{}}373712{{}}Agent of Horizons{{}}Theros{{}}THE{{}}Creature — Human Rogue{{}}3{{}}2{{}}{{}}{2}{G}{{}}3{{}}Clint Cearley{{}}<em>The light in the woods just before dawn reveals a glimmering network of branches, roots, and spiderwebs. The acolytes of Kruphix walk this lattice unseen.</em>{{}}G{{}}{{}}148{{}}C{{}}2.857{{}}{{}}{{}}{2}{U}: Agent of Horizons can't be blocked this turn.{{}}148{{}}TRUE
23470{{}}373543{{}}Agent of the Fates{{}}Theros{{}}THE{{}}Creature — Human Assassin{{}}3{{}}2{{}}{{}}{1}{B}{B}{{}}3{{}}Matt Stewart{{}}"<em>""You are breathing borrowed air.""</em>"{{}}B{{}}{{}}76{{}}R{{}}4.431{{}}{{}}{{}}Deathtouch|||Heroic — Whenever you cast a spell that targets Agent of the Fates, each opponent sacrifices a creature.{{}}76{{}}TRUE
23471{{}}373578{{}}Akroan Crusader{{}}Theros{{}}THE{{}}Creature — Human Soldier{{}}1{{}}1{{}}{{}}{R}{{}}1{{}}Johann Bodin{{}}<em>An Akroan soldier's worth is measured by the number of swords raised by his battle cry.</em>{{}}R{{}}{{}}111{{}}C{{}}4.125{{}}{{}}{{}}Heroic — Whenever you cast a spell that targets Akroan Crusader, put a 1/1 red Soldier creature token with haste onto the battlefield.{{}}111{{}}TRUE
23472{{}}373590{{}}Akroan Hoplite{{}}Theros{{}}THE{{}}Creature — Human Soldier{{}}1{{}}2{{}}{{}}{R}{W}{{}}2{{}}Igor Kieryluk{{}}"<em>""Fair fight? How could it be a fair fight? We're Akroans. They're not.""</em>"{{}}WR{{}}{{}}185{{}}U{{}}3.929{{}}{{}}{{}}Whenever Akroan Hoplite attacks, it gets +X/+0 until end of turn, where X is the number of attacking creatures you control.{{}}185{{}}TRUE
23473{{}}373550{{}}Akroan Horse{{}}Theros{{}}THE{{}}Artifact Creature — Horse{{}}0{{}}4{{}}{{}}{4}{{}}4{{}}Seb McKinnon{{}}{{}}A{{}}{{}}210{{}}R{{}}3.778{{}}{{}}{{}}Defender|||When Akroan Horse enters the battlefield, an opponent gains control of it.|||At the beginning of your upkeep, each opponent puts a 1/1 white Soldier creature token onto the battlefield.{{}}210{{}}TRUE
23474{{}}373530{{}}Anax and Cymede{{}}Theros{{}}THE{{}}Legendary Creature — Human Soldier{{}}3{{}}2{{}}{{}}{1}{R}{W}{{}}3{{}}Willian Murai{{}}<em>Akros's greatest heroes are also its royalty.</em>{{}}WR{{}}{{}}186{{}}R{{}}4.38{{}}{{}}{{}}First strike, vigilance|||Heroic — Whenever you cast a spell that targets Anax and Cymede, creatures you control get +1/+1 and gain trample until end of turn.{{}}186{{}}TRUE
23475{{}}373604{{}}Anger of the Gods{{}}Theros{{}}THE{{}}Sorcery{{}}{{}}{{}}{{}}{1}{R}{R}{{}}3{{}}Noah Bradley{{}}<em>There was no reason to pray. This was already an act of the gods.</em>{{}}R{{}}{{}}112{{}}R{{}}4.533{{}}{{}}{{}}Anger of the Gods deals 3 damage to each creature. If a creature dealt damage this way would die this turn, exile it instead.{{}}112{{}}TRUE
23476{{}}373584{{}}Annul{{}}Theros{{}}THE{{}}Instant{{}}{{}}{{}}{{}}{U}{{}}1{{}}Christine Choi{{}}"<em>""Why pray to the gods, who feed on your worship? Dissolve your illusions and see the true nature of things.""</em>|||<em>—Xenagos, the Reveler</em>"{{}}U{{}}{{}}38{{}}C{{}}3.614{{}}{{}}{{}}Counter target artifact or enchantment spell.{{}}38{{}}TRUE
23477{{}}373671{{}}Anthousa, Setessan Hero{{}}Theros{{}}THE{{}}Legendary Creature — Human Warrior{{}}4{{}}5{{}}{{}}{3}{G}{G}{{}}5{{}}Howard Lyon{{}}<em>The warriors she leads can rarely keep pace with her, and neither can the tales.</em>{{}}G{{}}{{}}149{{}}R{{}}3{{}}{{}}{{}}Heroic — Whenever you cast a spell that targets Anthousa, Setessan Hero, up to three target lands you control each become 2/2 Warrior creatures until end of turn. They're still lands.{{}}149{{}}TRUE
23478{{}}373677{{}}Anvilwrought Raptor{{}}Theros{{}}THE{{}}Artifact Creature — Bird{{}}2{{}}1{{}}{{}}{4}{{}}4{{}}James Zapata{{}}"<em>""I know its lightness, for I have seen it fly. I know its weight, for I have seen it strike.""</em>|||<em>—Brigone, soldier of Meletis</em>"{{}}A{{}}{{}}211{{}}U{{}}1.853{{}}{{}}{{}}Flying, first strike{{}}211{{}}TRUE
23479{{}}373715{{}}Aqueous Form{{}}Theros{{}}THE{{}}Enchantment — Aura{{}}{{}}{{}}{{}}{U}{{}}1{{}}Slawomir Maniak{{}}{{}}U{{}}{{}}39{{}}C{{}}4.256{{}}{{}}{{}}Enchant creature|||Enchanted creature can't be blocked.|||Whenever enchanted creature attacks, scry 1. <em>(Look at the top card of your library. You may put that card on the bottom of your library.)</em>{{}}39{{}}TRUE
23480{{}}373740{{}}Arbor Colossus{{}}Theros{{}}THE{{}}Creature — Giant{{}}6{{}}6{{}}{{}}{2}{G}{G}{G}{{}}5{{}}Jaime Jones{{}}{{}}G{{}}{{}}150{{}}R{{}}4.18{{}}{{}}{{}}Reach|||{3}{G}{G}{G}: Monstrosity 3. <em>(If this creature isn't monstrous, put three +1/+1 counters on it and it becomes monstrous.)</em>|||When Arbor Colossus becomes monstrous, destroy target creature with flying an opponent controls.{{}}150{{}}TRUE
23481{{}}373585{{}}Arena Athlete{{}}Theros{{}}THE{{}}Creature — Human{{}}2{{}}1{{}}{{}}{1}{R}{{}}2{{}}Jason Chan{{}}<em>The Iroan Games award no medals. Athletes vie for a visit from Iroas, god of victory.</em>{{}}R{{}}{{}}113{{}}U{{}}2.917{{}}{{}}{{}}Heroic — Whenever you cast a spell that targets Arena Athlete, target creature an opponent controls can't block this turn.{{}}113{{}}TRUE
23482{{}}373742{{}}Artisan of Forms{{}}Theros{{}}THE{{}}Creature — Human Wizard{{}}1{{}}1{{}}{{}}{1}{U}{{}}2{{}}Min Yum{{}}{{}}U{{}}{{}}40{{}}R{{}}4.28{{}}{{}}{{}}Heroic — Whenever you cast a spell that targets Artisan of Forms, you may have Artisan of Forms become a copy of target creature and gain this ability.{{}}40{{}}TRUE
23483{{}}373506{{}}Artisan's Sorrow{{}}Theros{{}}THE{{}}Instant{{}}{{}}{{}}{{}}{3}{G}{{}}4{{}}Jung Park{{}}<em>Some seers read bones or entrails. Others just like to break things.</em>{{}}G{{}}{{}}151{{}}U{{}}2.692{{}}{{}}{{}}Destroy target artifact or enchantment. Scry 2. <em>(Look at the top two cards of your library, then put any number of them on the bottom of your library and the rest on top in any order.)</em>{{}}151{{}}TRUE
23484{{}}373689{{}}Ashen Rider{{}}Theros{{}}THE{{}}Creature — Archon{{}}5{{}}5{{}}{{}}{4}{W}{W}{B}{B}{{}}8{{}}Chris Rahn{{}}<em>One offering to appease her on her arrival. Another to celebrate her departure.</em>{{}}WB{{}}{{}}187{{}}M{{}}4.409{{}}{{}}{{}}Flying|||When Ashen Rider enters the battlefield or dies, exile target permanent.{{}}187{{}}TRUE
23485{{}}373500{{}}Ashiok, Nightmare Weaver{{}}Theros{{}}THE{{}}Planeswalker — Ashiok{{}}{{}}{{}}3{{}}{1}{U}{B}{{}}3{{}}Karla Ortiz{{}}{{}}UB{{}}{{}}188{{}}M{{}}4.136{{}}{{}}{{}}+2: Exile the top three cards of target opponent's library.|||-X: Put a creature card with converted mana cost X exiled with Ashiok, Nightmare Weaver onto the battlefield under your control. That creature is a Nightmare in addition to its other types.|||-10: {{}}188{{}}TRUE
23486{{}}373631{{}}Asphodel Wanderer{{}}Theros{{}}THE{{}}Creature — Skeleton Soldier{{}}1{{}}1{{}}{{}}{B}{{}}1{{}}Scott Chou{{}}<em>He killed out of hate, so now only hate sustains him. He sought immortality, so the gods gave it to him.</em>{{}}B{{}}{{}}77{{}}C{{}}2.026{{}}{{}}{{}}{2}{B}: Regenerate Asphodel Wanderer.{{}}77{{}}TRUE
23487{{}}373720{{}}Baleful Eidolon{{}}Theros{{}}THE{{}}Enchantment Creature — Spirit{{}}1{{}}1{{}}{{}}{1}{B}{{}}2{{}}Min Yum{{}}{{}}B{{}}{{}}78{{}}C{{}}2.694{{}}{{}}{{}}Bestow {4}{B} <em>(If you cast this card for its bestow cost, it's an Aura spell with enchant creature. It becomes a creature again if it's not attached to a creature.)</em>|||Deathtouch <em>(Any amount of damage this deals to a creature is enough to destroy it.)</em> |||Enchanted creature gets +1/+1 and has deathtouch.{{}}78{{}}TRUE
23488{{}}373612{{}}Battlewise Hoplite{{}}Theros{{}}THE{{}}Creature — Human Soldier{{}}2{{}}2{{}}{{}}{W}{U}{{}}2{{}}Willian Murai{{}}{{}}WU{{}}{{}}189{{}}U{{}}4.354{{}}{{}}{{}}Heroic — Whenever you cast a spell that targets Battlewise Hoplite, put a +1/+1 counter on Battlewise Hoplite, then scry 1. <em>(To scry 1, look at the top card of your library, then you may put that card on the bottom of your library.)</em>{{}}189{{}}TRUE
23489{{}}373627{{}}Battlewise Valor{{}}Theros{{}}THE{{}}Instant{{}}{{}}{{}}{{}}{1}{W}{{}}2{{}}Zack Stella{{}}<em>It's never good to walk into an ambush, but with the right spell you might walk out again.</em>{{}}W{{}}{{}}1{{}}C{{}}2.967{{}}{{}}{{}}Target creature gets +2/+2 until end of turn. Scry 1. <em>(Look at the top card of your library. You may put that card on the bottom of your library.)</em>{{}}1{{}}TRUE
23490{{}}373583{{}}Benthic Giant{{}}Theros{{}}THE{{}}Creature — Giant{{}}4{{}}5{{}}{{}}{5}{U}{{}}6{{}}Jaime Jones{{}}"<em>""Some fates you can see coming for you, plain as day, and there's nothing you can do about them.""</em>|||<em>—Callaphe the mariner</em>"{{}}U{{}}{{}}41{{}}C{{}}3.156{{}}{{}}{{}}Hexproof <em>(This creature can't be the target of spells or abilities your opponents control.)</em>{{}}41{{}}TRUE
23491{{}}373544{{}}Bident of Thassa{{}}Theros{{}}THE{{}}Legendary Enchantment Artifact{{}}{{}}{{}}{{}}{2}{U}{U}{{}}4{{}}Yeong-Hao Han{{}}<em>The wills of mortals shift as the tide ebbs and flows.</em>{{}}AU{{}}{{}}42{{}}R{{}}3.729{{}}{{}}{{}}Whenever a creature you control deals combat damage to a player, you may draw a card.|||{1}{U}, {T}: Creatures your opponents control attack this turn if able.{{}}42{{}}TRUE
23492{{}}373638{{}}Blood-Toll Harpy{{}}Theros{{}}THE{{}}Creature — Harpy{{}}2{{}}1{{}}{{}}{2}{B}{{}}3{{}}Kev Walker{{}}<em>When harpies demand a toll to cross through their territory, consider yourself lucky if they permit payment in coin.</em>{{}}B{{}}{{}}79{{}}C{{}}1.944{{}}{{}}{{}}Flying|||When Blood-Toll Harpy enters the battlefield, each player loses 1 life.{{}}79{{}}TRUE
23493{{}}373642{{}}Boon of Erebos{{}}Theros{{}}THE{{}}Instant{{}}{{}}{{}}{{}}{B}{{}}1{{}}James Ryman{{}}"<em>""Death is not a certainty. Erebos determines when a mortal's time is up.""</em>|||<em>—Iadorna, death priest of Erebos</em>"{{}}B{{}}{{}}80{{}}C{{}}3.615{{}}{{}}{{}}Target creature gets +2/+0 until end of turn. Regenerate it. You lose 2 life.{{}}80{{}}TRUE
23494{{}}373509{{}}Boon Satyr{{}}Theros{{}}THE{{}}Enchantment Creature — Satyr{{}}4{{}}2{{}}{{}}{1}{G}{G}{{}}3{{}}Wesley Burt{{}}{{}}G{{}}{{}}152{{}}R{{}}4.429{{}}{{}}{{}}Flash|||Bestow {3}{G}{G} <em>(If you cast this card for its bestow cost, it's an Aura spell with enchant creature. It becomes a creature again if it's not attached to a creature.)</em>|||Enchanted creature gets +4/+2.{{}}152{{}}TRUE
23495{{}}373659{{}}Borderland Minotaur{{}}Theros{{}}THE{{}}Creature — Minotaur Warrior{{}}4{{}}3{{}}{{}}{2}{R}{R}{{}}4{{}}Greg Staples{{}}"<em>""You have led us to triumph over the forces of Mogis!"" said Brygus the Brave, clapping the Champion on the back.</em>|||<em>The Champion wiped the sweat and blood from her brow.</em>|||<em>""I count eight graves,"" she said. ""Too many to call this a victory.""</em>|||<em>—The Theriad</em>"{{}}R{{}}{{}}114{{}}C{{}}2.395{{}}{{}}{{}}{{}}114{{}}TRUE
23496{{}}373714{{}}Boulderfall{{}}Theros{{}}THE{{}}Instant{{}}{{}}{{}}{{}}{6}{R}{R}{{}}8{{}}Ralph Horsley{{}}"<em>""Defeating the Meletians was not so difficult. I needed only to move a mountain.""</em>|||<em>—Eocles, oracle of Purphoros</em>"{{}}R{{}}{{}}115{{}}C{{}}1{{}}{{}}{{}}Boulderfall deals 5 damage divided as you choose among any number of target creatures and/or players.{{}}115{{}}TRUE
23497{{}}373603{{}}Bow of Nylea{{}}Theros{{}}THE{{}}Legendary Enchantment Artifact{{}}{{}}{{}}{{}}{1}{G}{G}{{}}3{{}}Yeong-Hao Han{{}}{{}}AG{{}}{{}}153{{}}R{{}}4.31{{}}{{}}{{}}Attacking creatures you control have deathtouch.|||{1}{G}, {T}: Choose one — Put a +1/+1 counter on target creature; or Bow of Nylea deals 2 damage to target creature with flying; or you gain 3 life; or put up to four target cards from your graveyard on the bottom of your library in any order.{{}}153{{}}TRUE
23498{{}}373636{{}}Breaching Hippocamp{{}}Theros{{}}THE{{}}Creature — Horse Fish{{}}3{{}}2{{}}{{}}{3}{U}{{}}4{{}}Christopher Burdett{{}}<em>Don't try to ride this steed unless you've got gills too.</em>{{}}U{{}}{{}}43{{}}C{{}}3.528{{}}{{}}{{}}Flash <em>(You may cast this spell any time you could cast an instant.)</em>|||When Breaching Hippocamp enters the battlefield, untap another target creature you control.{{}}43{{}}TRUE
23499{{}}373730{{}}Bronze Sable{{}}Theros{{}}THE{{}}Artifact Creature — Sable{{}}2{{}}1{{}}{{}}{2}{{}}2{{}}Jasper Sandner{{}}<em>The Champion stood alone between the horde of the Returned and the shrine to Karametra, cutting down scores among hundreds. She would have been overcome if not for the aid of the temple guardians whom Karametra awakened.</em>|||<em>—The Theriad</em>{{}}A{{}}{{}}212{{}}C{{}}2.406{{}}{{}}{{}}{{}}212{{}}TRUE
23500{{}}373620{{}}Burnished Hart{{}}Theros{{}}THE{{}}Artifact Creature — Elk{{}}2{{}}2{{}}{{}}{3}{{}}3{{}}Yeong-Hao Han{{}}<em>Forged by divine hands to wander mortal realms.</em>{{}}A{{}}{{}}213{{}}U{{}}4.25{{}}{{}}{{}}{3}, Sacrifice Burnished Hart: Search your library for up to two basic land cards, put them onto the battlefield tapped, then shuffle your library.{{}}213{{}}TRUE
23501{{}}373684{{}}Cavalry Pegasus{{}}Theros{{}}THE{{}}Creature — Pegasus{{}}1{{}}1{{}}{{}}{1}{W}{{}}2{{}}Kev Walker{{}}"<em>""It is hope, hooved and winged.""</em>|||<em>—Cymede, queen of Akros</em>"{{}}W{{}}{{}}2{{}}C{{}}3.679{{}}{{}}{{}}Flying|||Whenever Cavalry Pegasus attacks, each attacking Human gains flying until end of turn.{{}}2{{}}TRUE
23502{{}}373726{{}}Cavern Lampad{{}}Theros{{}}THE{{}}Enchantment Creature — Nymph{{}}2{{}}2{{}}{{}}{3}{B}{{}}4{{}}Volkan Baga{{}}{{}}B{{}}{{}}81{{}}C{{}}2.75{{}}{{}}{{}}Bestow {5}{B} <em>(If you cast this card for its bestow cost, it's an Aura spell with enchant creature. It becomes a creature again if it's not attached to a creature.)</em>|||Intimidate|||Enchanted creature gets +2/+2 and has intimidate.{{}}81{{}}TRUE
23503{{}}373503{{}}Celestial Archon{{}}Theros{{}}THE{{}}Enchantment Creature — Archon{{}}4{{}}4{{}}{{}}{3}{W}{W}{{}}5{{}}Matt Stewart{{}}{{}}W{{}}{{}}3{{}}R{{}}4.237{{}}{{}}{{}}Bestow {5}{W}{W} <em>(If you cast this card for its bestow cost, it's an Aura spell with enchant creature. It becomes a creature again if it's not attached to a creature.)</em>|||Flying, first strike|||Enchanted creature gets +4/+4 and has flying and first strike.{{}}3{{}}TRUE
23504{{}}373594{{}}Centaur Battlemaster{{}}Theros{{}}THE{{}}Creature — Centaur Warrior{{}}3{{}}3{{}}{{}}{3}{G}{G}{{}}5{{}}Kev Walker{{}}"<em>""A herd is only as strong as its weakest. Our weakest just killed his third minotaur raider—today.""</em>|||<em>—Braulios of Pheres Band</em>"{{}}G{{}}{{}}154{{}}U{{}}4.325{{}}{{}}{{}}Heroic — Whenever you cast a spell that targets Centaur Battlemaster, put three +1/+1 counters on Centaur Battlemaster.{{}}154{{}}TRUE
23505{{}}373521{{}}Chained to the Rocks{{}}Theros{{}}THE{{}}Enchantment — Aura{{}}{{}}{{}}{{}}{W}{{}}1{{}}Aaron Miller{{}}{{}}W{{}}{{}}4{{}}R{{}}4.188{{}}{{}}{{}}Enchant Mountain you control|||When Chained to the Rocks enters the battlefield, exile target creature an opponent controls until Chained to the Rocks leaves the battlefield. <em>(That creature returns under its owner's control.)</em>{{}}4{{}}TRUE
23506{{}}373561{{}}Chosen by Heliod{{}}Theros{{}}THE{{}}Enchantment — Aura{{}}{{}}{{}}{{}}{1}{W}{{}}2{{}}Zack Stella{{}}"<em>""Training and studies aid a soldier in meager amounts. The gods do the rest.""</em>|||<em>—Brigone, soldier of Meletis</em>"{{}}W{{}}{{}}5{{}}C{{}}3.115{{}}{{}}{{}}Enchant creature|||When Chosen by Heliod enters the battlefield, draw a card.|||Enchanted creature gets +0/+2.{{}}5{{}}TRUE
23507{{}}373621{{}}Chronicler of Heroes{{}}Theros{{}}THE{{}}Creature — Centaur Wizard{{}}3{{}}3{{}}{{}}{1}{G}{W}{{}}3{{}}John Stanko{{}}<em>She paints pictures with words, though not all pictures show the truth.</em>{{}}GW{{}}{{}}190{{}}U{{}}4.133{{}}{{}}{{}}When Chronicler of Heroes enters the battlefield, draw a card if you control a creature with a +1/+1 counter on it.{{}}190{{}}TRUE
23508{{}}373707{{}}Coastline Chimera{{}}Theros{{}}THE{{}}Creature — Chimera{{}}1{{}}5{{}}{{}}{3}{U}{{}}4{{}}Dan Scott{{}}<em>Seeing a chimera overhead foretells good fortune, but only because seeing one any closer foretells dismemberment.</em>{{}}U{{}}{{}}44{{}}C{{}}3.143{{}}{{}}{{}}Flying|||{1}{W}: Coastline Chimera can block an additional creature this turn.{{}}44{{}}TRUE
23509{{}}373555{{}}Colossus of Akros{{}}Theros{{}}THE{{}}Artifact Creature — Golem{{}}10{{}}10{{}}{{}}{8}{{}}8{{}}Zack Stella{{}}{{}}A{{}}{{}}214{{}}R{{}}4.191{{}}{{}}{{}}Defender, indestructible|||{1}0: Monstrosity 10. <em>(If this creature isn't monstrous, put ten +1/+1 counters on it and it becomes monstrous.)</em>|||As long as Colossus of Akros is monstrous, it has trample and can attack as though it didn't have defender.{{}}214{{}}TRUE
23510{{}}373656{{}}Commune with the Gods{{}}Theros{{}}THE{{}}Sorcery{{}}{{}}{{}}{{}}{1}{G}{{}}2{{}}Aleksi Briclot{{}}<em>For the first time in many years, Elspeth asked for help.</em>{{}}G{{}}{{}}155{{}}C{{}}3.75{{}}{{}}{{}}Reveal the top five cards of your library. You may put a creature or enchantment card from among them into your hand. Put the rest into your graveyard.{{}}155{{}}TRUE
23511{{}}373513{{}}Coordinated Assault{{}}Theros{{}}THE{{}}Instant{{}}{{}}{{}}{{}}{R}{{}}1{{}}John Severin Brassell{{}}"<em>It's hard to shout ""Shields up!"" with a javelin in your chest.</em>"{{}}R{{}}{{}}116{{}}U{{}}4.24{{}}{{}}{{}}Up to two target creatures each get +1/+0 and gain first strike until end of turn.{{}}116{{}}TRUE
23512{{}}373588{{}}Crackling Triton{{}}Theros{{}}THE{{}}Creature — Merfolk Wizard{{}}2{{}}3{{}}{{}}{2}{U}{{}}3{{}}Greg Staples{{}}<em>He calls upon both the currents in the sea and the current in the clouds.</em>{{}}U{{}}{{}}45{{}}C{{}}2.769{{}}{{}}{{}}{2}{R}, Sacrifice Crackling Triton: Crackling Triton deals 2 damage to target creature or player.{{}}45{{}}TRUE
23513{{}}373542{{}}Curse of the Swine{{}}Theros{{}}THE{{}}Sorcery{{}}{{}}{{}}{{}}{X}{U}{U}{{}}2{{}}James Ryman{{}}<em>Another imminent battle subsided in busy snuffling and carefree rooting.</em>{{}}U{{}}{{}}46{{}}R{{}}4.359{{}}{{}}{{}}Exile X target creatures. For each creature exiled this way, its controller puts a 2/2 green Boar creature token onto the battlefield.{{}}46{{}}TRUE
23514{{}}373660{{}}Cutthroat Maneuver{{}}Theros{{}}THE{{}}Instant{{}}{{}}{{}}{{}}{3}{B}{{}}4{{}}Brad Rigney{{}}"<em>""Our ambition drives us forward. Together we will claim what is ours, no matter who holds it.""</em>"{{}}B{{}}{{}}82{{}}U{{}}2.214{{}}{{}}{{}}Up to two target creatures each get +1/+1 and gain lifelink until end of turn.{{}}82{{}}TRUE
23515{{}}373504{{}}Dark Betrayal{{}}Theros{{}}THE{{}}Instant{{}}{{}}{{}}{{}}{B}{{}}1{{}}Nils Hamm{{}}"<em>""You're just like me: ruthless, cunning, and ambitious. Obviously you're a threat.""</em>|||<em>—Basarios the Blade</em>"{{}}B{{}}{{}}83{{}}U{{}}3.525{{}}{{}}{{}}Destroy target black creature.{{}}83{{}}TRUE
23516{{}}373525{{}}Dauntless Onslaught{{}}Theros{{}}THE{{}}Instant{{}}{{}}{{}}{{}}{2}{W}{{}}3{{}}Peter Mohrbacher{{}}"<em>""The people of Akros must learn from our leonin adversaries. If we match their staunch ferocity with our superior faith, we cannot fail.""</em>|||<em>—Cymede, queen of Akros</em>"{{}}W{{}}{{}}6{{}}U{{}}3.636{{}}{{}}{{}}Up to two target creatures each get +2/+2 until end of turn.{{}}6{{}}TRUE
23517{{}}373664{{}}Daxos of Meletis{{}}Theros{{}}THE{{}}Legendary Creature — Human Soldier{{}}2{{}}2{{}}{{}}{1}{W}{U}{{}}3{{}}Karla Ortiz{{}}{{}}WU{{}}{{}}191{{}}R{{}}4.375{{}}{{}}{{}}Daxos of Meletis can't be blocked by creatures with power 3 or greater.|||Whenever Daxos of Meletis deals combat damage to a player, exile the top card of that player's library. You gain life equal to that card's converted mana cost. Until end of turn, you may cast that card and you may spend mana as though it were mana of any color to cast it.{{}}191{{}}TRUE
23518{{}}373593{{}}Deathbellow Raider{{}}Theros{{}}THE{{}}Creature — Minotaur Berserker{{}}2{{}}3{{}}{{}}{1}{R}{{}}2{{}}Wayne Reynolds{{}}"<em>""The temple has been rededicated. It belongs to Mogis now.""</em>|||<em>—Rastos, disciple of Mogis</em>"{{}}R{{}}{{}}117{{}}C{{}}3.737{{}}{{}}{{}}Deathbellow Raider attacks each turn if able.|||{2}{B}: Regenerate Deathbellow Raider.{{}}117{{}}TRUE
23519{{}}373577{{}}Decorated Griffin{{}}Theros{{}}THE{{}}Creature — Griffin{{}}2{{}}3{{}}{{}}{4}{W}{{}}5{{}}Phill Simmer{{}}<em>The awards and medals of polis-dwellers mean nothing to griffins, but they repay acts of generosity.</em>{{}}W{{}}{{}}7{{}}U{{}}2.447{{}}{{}}{{}}Flying|||{1}{W}: Prevent the next 1 combat damage that would be dealt to you this turn.{{}}7{{}}TRUE
23520{{}}373623{{}}Defend the Hearth{{}}Theros{{}}THE{{}}Instant{{}}{{}}{{}}{{}}{1}{G}{{}}2{{}}Raymond Swanland{{}}<em>The defenders said not a word. Their shields, spears, and stances were warning enough.</em>{{}}G{{}}{{}}156{{}}C{{}}2.233{{}}{{}}{{}}Prevent all combat damage that would be dealt to players this turn.{{}}156{{}}TRUE
23521{{}}373537{{}}Demolish{{}}Theros{{}}THE{{}}Sorcery{{}}{{}}{{}}{{}}{3}{R}{{}}4{{}}Volkan Baga{{}}"<em>""When fire is shackled to candle and torch, subjected to insignificance, it finds a way to lash out at its masters.""</em>|||<em>—Vala, disciple of Purphoros</em>"{{}}R{{}}{{}}118{{}}C{{}}2.324{{}}{{}}{{}}Destroy target artifact or land.{{}}118{{}}TRUE
23522{{}}373678{{}}Destructive Revelry{{}}Theros{{}}THE{{}}Instant{{}}{{}}{{}}{{}}{R}{G}{{}}2{{}}Kev Walker{{}}"<em>""Stoke a fire hot enough and you'll never run out of things to burn.""</em>|||<em>—Xenagos, the Reveler</em>"{{}}GR{{}}{{}}192{{}}U{{}}4.37{{}}{{}}{{}}Destroy target artifact or enchantment. Destructive Revelry deals 2 damage to that permanent's controller.{{}}192{{}}TRUE
23523{{}}373520{{}}Disciple of Phenax{{}}Theros{{}}THE{{}}Creature — Human Cleric{{}}1{{}}3{{}}{{}}{2}{B}{B}{{}}4{{}}John Severin Brassell{{}}{{}}B{{}}{{}}84{{}}C{{}}2.733{{}}{{}}{{}}When Disciple of Phenax enters the battlefield, target player reveals a number of cards from his or her hand equal to your devotion to black. You choose one of them. That player discards that card. <em>(Each {B} in the mana costs of permanents you control counts toward your devotion to black.)</em>{{}}84{{}}TRUE
23524{{}}373557{{}}Dissolve{{}}Theros{{}}THE{{}}Instant{{}}{{}}{{}}{{}}{1}{U}{U}{{}}3{{}}Wesley Burt{{}}"<em>""You thought only the gods could stop you?""</em>"{{}}U{{}}{{}}47{{}}U{{}}4.324{{}}{{}}{{}}Counter target spell. Scry 1. <em>(Look at the top card of your library. You may put that card on the bottom of your library.)</em>{{}}47{{}}TRUE
23525{{}}373648{{}}Divine Verdict{{}}Theros{{}}THE{{}}Instant{{}}{{}}{{}}{{}}{3}{W}{{}}4{{}}Raymond Swanland{{}}<em>The last thing to go through the cyclops's mind was a twelve-ton block of marble.</em>{{}}W{{}}{{}}8{{}}C{{}}2.844{{}}"|||10/1/2009 : An ""attacking creature"" is one that has been declared as an attacker this combat, or one that was put onto the battlefield attacking this combat. Unless that creature leaves combat, it continues to be an attacking creature through the end of combat step, even if the player it was attacking has left the game, or the planeswalker it was attacking has left combat. |||10/1/2009 : A ""blocking creature"" is one that has been declared as a blocker this combat, or one that was put onto the battlefield blocking this combat. Unless that creature leaves combat, it continues to be a blocking creature through the end of combat step, even if the creature or creatures it was blocking are no longer on the battlefield or have otherwise left combat. |||7/1/2012 : Destroying a blocking creature won't cause any of the creatures it was blocking to become unblocked. They won't deal combat damage to the defending player or planeswalker (unless they have trample)."{{}}{{}}Destroy target attacking or blocking creature.{{}}8{{}}TRUE
23526{{}}373634{{}}Dragon Mantle{{}}Theros{{}}THE{{}}Enchantment — Aura{{}}{{}}{{}}{{}}{R}{{}}1{{}}Anthony Palumbo{{}}{{}}R{{}}{{}}119{{}}C{{}}4.174{{}}{{}}{{}}"Enchant creature|||When Dragon Mantle enters the battlefield, draw a card.|||Enchanted creature has ""{R}: This creature gets +1/+0 until end of turn."""{{}}119{{}}TRUE
23527{{}}373649{{}}Elspeth, Sun's Champion{{}}Theros{{}}THE{{}}Planeswalker — Elspeth{{}}{{}}{{}}4{{}}{4}{W}{W}{{}}6{{}}Eric Deschamps{{}}{{}}W{{}}{{}}9{{}}M{{}}4.184{{}}{{}}{{}}"+1: Put three 1/1 white Soldier creature tokens onto the battlefield.|||-3: Destroy all creatures with power 4 or greater.|||-7: You get an emblem with ""Creatures you control get +2/+2 and have flying."""{{}}9{{}}TRUE
23528{{}}373597{{}}Ember Swallower{{}}Theros{{}}THE{{}}Creature — Elemental{{}}4{{}}5{{}}{{}}{2}{R}{R}{{}}4{{}}Slawomir Maniak{{}}{{}}R{{}}{{}}120{{}}R{{}}4.292{{}}{{}}{{}}{5}{R}{R}: Monstrosity 3. <em>(If this creature isn't monstrous, put three +1/+1 counters on it and it becomes monstrous.)</em>|||When Ember Swallower becomes monstrous, each player sacrifices three lands.{{}}120{{}}TRUE
23529{{}}373724{{}}Ephara's Warden{{}}Theros{{}}THE{{}}Creature — Human Cleric{{}}1{{}}2{{}}{{}}{3}{W}{{}}4{{}}Zack Stella{{}}"<em>""When you threaten the sanctity of the polis, you insult Ephara herself. If she doesn't smite you, I will.""</em>"{{}}W{{}}{{}}10{{}}C{{}}1.333{{}}{{}}{{}}{T}: Tap target creature with power 3 or less.{{}}10{{}}TRUE
23530{{}}373589{{}}Erebos, God of the Dead{{}}Theros{{}}THE{{}}Legendary Enchantment Creature — God{{}}5{{}}7{{}}{{}}{3}{B}{{}}4{{}}Peter Mohrbacher{{}}{{}}B{{}}{{}}85{{}}M{{}}4.5{{}}{{}}{{}}Indestructible|||As long as your devotion to black is less than five, Erebos isn't a creature. <em>(Each {B} in the mana costs of permanents you control counts toward your devotion to black.)</em>|||Your opponents can't gain life.|||{1}{B}, Pay 2 life: Draw a card.{{}}85{{}}TRUE
23531{{}}373745{{}}Erebos's Emissary{{}}Theros{{}}THE{{}}Enchantment Creature — Snake{{}}3{{}}3{{}}{{}}{3}{B}{{}}4{{}}Sam Burley{{}}{{}}B{{}}{{}}86{{}}U{{}}3.688{{}}{{}}{{}}Bestow {5}{B} <em>(If you cast this card for its bestow cost, it's an Aura spell with enchant creature. It becomes a creature again if it's not attached to a creature.)</em>|||Discard a creature card: Erebos's Emissary gets +2/+2 until end of turn. If Erebos's Emissary is an Aura, enchanted creature gets +2/+2 until end of turn instead.|||Enchanted creature gets +3/+3.{{}}86{{}}TRUE
23532{{}}373641{{}}Evangel of Heliod{{}}Theros{{}}THE{{}}Creature — Human Cleric{{}}1{{}}3{{}}{{}}{4}{W}{W}{{}}6{{}}Nils Hamm{{}}{{}}W{{}}{{}}11{{}}U{{}}3.567{{}}{{}}{{}}When Evangel of Heliod enters the battlefield, put a number of 1/1 white Soldier creature tokens onto the battlefield equal to your devotion to white. <em>(Each {W} in the mana costs of permanents you control counts toward your devotion to white.)</em>{{}}11{{}}TRUE
23533{{}}373606{{}}Fabled Hero{{}}Theros{{}}THE{{}}Creature — Human Soldier{{}}2{{}}2{{}}{{}}{1}{W}{W}{{}}3{{}}Aaron Miller{{}}"<em>""You. Poet. Be sure to write this down.""</em>"{{}}W{{}}{{}}12{{}}R{{}}4.387{{}}{{}}{{}}Double strike|||Heroic — Whenever you cast a spell that targets Fabled Hero, put a +1/+1 counter on Fabled Hero.{{}}12{{}}TRUE
23534{{}}373576{{}}Fade into Antiquity{{}}Theros{{}}THE{{}}Sorcery{{}}{{}}{{}}{{}}{2}{G}{{}}3{{}}Noah Bradley{{}}"<em>""Are the gods angry at our discontent with what they give us, or jealous that we made a thing they cannot?""</em>|||<em>—Kleon the Iron-Booted</em>"{{}}G{{}}{{}}157{{}}C{{}}3.906{{}}{{}}{{}}Exile target artifact or enchantment.{{}}157{{}}TRUE
23535{{}}373511{{}}Fanatic of Mogis{{}}Theros{{}}THE{{}}Creature — Minotaur Shaman{{}}4{{}}2{{}}{{}}{3}{R}{{}}4{{}}Matt Stewart{{}}{{}}R{{}}{{}}121{{}}U{{}}4.119{{}}{{}}{{}}When Fanatic of Mogis enters the battlefield, it deals damage to each opponent equal to your devotion to red. <em>(Each {R} in the mana costs of permanents you control counts toward your devotion to red.)</em>{{}}121{{}}TRUE
23536{{}}373686{{}}Fate Foretold{{}}Theros{{}}THE{{}}Enchantment — Aura{{}}{{}}{{}}{{}}{1}{U}{{}}2{{}}Dan Scott{{}}<em>The tale of her life was already written, but that didn't mean she could predict the ending.</em>{{}}U{{}}{{}}48{{}}C{{}}3.75{{}}{{}}{{}}Enchant creature|||When Fate Foretold enters the battlefield, draw a card.|||When enchanted creature dies, its controller draws a card.{{}}48{{}}TRUE
23537{{}}373596{{}}Favored Hoplite{{}}Theros{{}}THE{{}}Creature — Human Soldier{{}}1{{}}2{{}}{{}}{W}{{}}1{{}}Winona Nelson{{}}{{}}W{{}}{{}}13{{}}U{{}}4.3{{}}{{}}{{}}Heroic — Whenever you cast a spell that targets Favored Hoplite, put a +1/+1 counter on Favored Hoplite and prevent all damage that would be dealt to it this turn.{{}}13{{}}TRUE
23538{{}}373674{{}}Felhide Minotaur{{}}Theros{{}}THE{{}}Creature — Minotaur{{}}2{{}}3{{}}{{}}{2}{B}{{}}3{{}}Kev Walker{{}}<em>With spear held high, the Champion came to meet Thyrogog of the Ashlands, who wore the old king's skin as a cloak and fed on the flesh of innocents. The foul minotaur raised the great axe called Goremaster and charged.</em>|||<em>—The Theriad</em>{{}}B{{}}{{}}87{{}}C{{}}1.524{{}}{{}}{{}}{{}}87{{}}TRUE
23539{{}}373703{{}}Feral Invocation{{}}Theros{{}}THE{{}}Enchantment — Aura{{}}{{}}{{}}{{}}{2}{G}{{}}3{{}}Mathias Kollros{{}}<em>Nylea's sacred lynx guards those who honor the Nessian Wood and hunts those who don't.</em>{{}}G{{}}{{}}158{{}}C{{}}3.545{{}}{{}}{{}}Flash <em>(You may cast this spell any time you could cast an instant.)</em>|||Enchant creature|||Enchanted creature gets +2/+2.{{}}158{{}}TRUE
23540{{}}373552{{}}Firedrinker Satyr{{}}Theros{{}}THE{{}}Creature — Satyr Shaman{{}}2{{}}1{{}}{{}}{R}{{}}1{{}}Anthony Palumbo{{}}<em>Attending a satyr revel requires a high tolerance for pain.</em>{{}}R{{}}{{}}122{{}}R{{}}3.389{{}}{{}}{{}}Whenever Firedrinker Satyr is dealt damage, it deals that much damage to you.|||{1}{R}: Firedrinker Satyr gets +1/+0 until end of turn and deals 1 damage to you.{{}}122{{}}TRUE
23541{{}}373514{{}}Flamecast Wheel{{}}Theros{{}}THE{{}}Artifact{{}}{{}}{{}}{{}}{1}{{}}1{{}}Jasper Sandner{{}}<em>Beware the gifts of an ill-tempered forge god.</em>{{}}A{{}}{{}}215{{}}U{{}}1.093{{}}{{}}{{}}{5}, {T}, Sacrifice Flamecast Wheel: Flamecast Wheel deals 3 damage to target creature.{{}}215{{}}TRUE
23542{{}}373705{{}}Flamespeaker Adept{{}}Theros{{}}THE{{}}Creature — Human Shaman{{}}2{{}}3{{}}{{}}{2}{R}{{}}3{{}}Lucas Graciano{{}}"<em>""I see your future, mantled in ash.""</em>"{{}}R{{}}{{}}123{{}}U{{}}3.781{{}}{{}}{{}}Whenever you scry, Flamespeaker Adept gets +2/+0 and gains first strike until end of turn.{{}}123{{}}TRUE
23543{{}}373562{{}}Fleecemane Lion{{}}Theros{{}}THE{{}}Creature — Cat{{}}3{{}}3{{}}{{}}{G}{W}{{}}2{{}}Slawomir Maniak{{}}{{}}GW{{}}{{}}193{{}}R{{}}4.535{{}}{{}}{{}}{3}{G}{W}: Monstrosity 1. <em>(If this creature isn't monstrous, put a +1/+1 counter on it and it becomes monstrous.)</em>|||As long as Fleecemane Lion is monstrous, it has hexproof and indestructible.{{}}193{{}}TRUE
23544{{}}373501{{}}Fleetfeather Sandals{{}}Theros{{}}THE{{}}Artifact — Equipment{{}}{{}}{{}}{{}}{2}{{}}2{{}}Steve Prescott{{}}"<em>""The gods gave us no wings to fly, but they gave us an even greater gift: imagination.""</em>|||<em>—Daxos of Meletis</em>"{{}}A{{}}{{}}216{{}}C{{}}3.375{{}}{{}}{{}}Equipped creature has flying and haste.|||Equip {2} <em>({2}: Attach to target creature you control. Equip only as a sorcery.)</em>{{}}216{{}}TRUE
23545{{}}373528{{}}Fleshmad Steed{{}}Theros{{}}THE{{}}Creature — Horse{{}}2{{}}2{{}}{{}}{1}{B}{{}}2{{}}Robbie Trevino{{}}<em>More disturbing than the unknown is a distortion of the familiar.</em>{{}}B{{}}{{}}88{{}}C{{}}0.935{{}}{{}}{{}}Whenever another creature dies, tap Fleshmad Steed.{{}}88{{}}TRUE
23546{{}}373615{{}}Forest{{}}Theros{{}}THE{{}}Basic Land — Forest{{}}{{}}{{}}{{}}{{}}0{{}}Adam Paquette{{}}{{}}L{{}}{G}{{}}248{{}}C{{}}5{{}}{{}}2{{}}{G}{{}}248{{}}TRUE
23547{{}}373682{{}}Gainsay{{}}Theros{{}}THE{{}}Instant{{}}{{}}{{}}{{}}{1}{U}{{}}2{{}}Clint Cearley{{}}"<em>""You dryfolk must take the air for granted. You constantly insist on wasting it.""</em>|||<em>—Kenessos, priest of Thassa</em>"{{}}U{{}}{{}}49{{}}U{{}}2.619{{}}{{}}{{}}Counter target blue spell.{{}}49{{}}TRUE
23548{{}}373566{{}}Gift of Immortality{{}}Theros{{}}THE{{}}Enchantment — Aura{{}}{{}}{{}}{{}}{2}{W}{{}}3{{}}Matt Stewart{{}}{{}}W{{}}{{}}14{{}}R{{}}4.38{{}}{{}}{{}}Enchant creature|||When enchanted creature dies, return that card to the battlefield under its owner's control. Return Gift of Immortality to the battlefield attached to that creature at the beginning of the next end step.{{}}14{{}}TRUE
23549{{}}373691{{}}Glare of Heresy{{}}Theros{{}}THE{{}}Sorcery{{}}{{}}{{}}{{}}{1}{W}{{}}2{{}}Raymond Swanland{{}}<em>No foe is more hated than the former friend.</em>{{}}W{{}}{{}}15{{}}U{{}}3.167{{}}{{}}{{}}Exile target white permanent.{{}}15{{}}TRUE
23550{{}}373516{{}}Gods Willing{{}}Theros{{}}THE{{}}Instant{{}}{{}}{{}}{{}}{W}{{}}1{{}}Mark Winters{{}}<em>Honor the gods of Theros, and they will return the favor.</em>{{}}W{{}}{{}}16{{}}C{{}}4.056{{}}{{}}{{}}Target creature you control gains protection from the color of your choice until end of turn. Scry 1. <em>(Look at the top card of your library. You may put that card on the bottom of your library.)</em>{{}}16{{}}TRUE
23551{{}}373645{{}}Gray Merchant of Asphodel{{}}Theros{{}}THE{{}}Creature — Zombie{{}}2{{}}4{{}}{{}}{3}{B}{B}{{}}5{{}}Robbie Trevino{{}}{{}}B{{}}{{}}89{{}}C{{}}4.034{{}}{{}}{{}}When Gray Merchant of Asphodel enters the battlefield, each opponent loses X life, where X is your devotion to black. You gain life equal to the life lost this way. <em>(Each {B} in the mana costs of permanents you control counts toward your devotion to black.)</em>{{}}89{{}}TRUE
23552{{}}373519{{}}Griptide{{}}Theros{{}}THE{{}}Instant{{}}{{}}{{}}{{}}{3}{U}{{}}4{{}}Adam Paquette{{}}<em>When the sea god Thassa wishes to speak with a mortal, she does not issue a summons or grant a vision requesting a visit. The sea simply brings her guest before her.</em>{{}}U{{}}{{}}50{{}}C{{}}2.933{{}}{{}}{{}}Put target creature on top of its owner's library.{{}}50{{}}TRUE
23553{{}}373605{{}}Guardians of Meletis{{}}Theros{{}}THE{{}}Artifact Creature — Golem{{}}0{{}}6{{}}{{}}{3}{{}}3{{}}Magali Villeneuve{{}}<em>The histories speak of two feuding rulers whose deaths were celebrated and whose monuments symbolized the end of their wars. In truth they were peaceful lovers, their story lost to the ages.</em>{{}}A{{}}{{}}217{{}}C{{}}3.8{{}}{{}}{{}}Defender{{}}217{{}}TRUE
23554{{}}373587{{}}Hammer of Purphoros{{}}Theros{{}}THE{{}}Legendary Enchantment Artifact{{}}{{}}{{}}{{}}{1}{R}{R}{{}}3{{}}Yeong-Hao Han{{}}<em>All the world is Purphoros's anvil.</em>{{}}AR{{}}{{}}124{{}}R{{}}4.533{{}}{{}}{{}}Creatures you control have haste.|||{2}{R}, {T}, Sacrifice a land: Put a 3/3 colorless Golem enchantment artifact creature token onto the battlefield.{{}}124{{}}TRUE
23555{{}}373524{{}}Heliod, God of the Sun{{}}Theros{{}}THE{{}}Legendary Enchantment Creature — God{{}}5{{}}6{{}}{{}}{3}{W}{{}}4{{}}Jaime Jones{{}}{{}}W{{}}{{}}17{{}}M{{}}4.172{{}}{{}}{{}}Indestructible|||As long as your devotion to white is less than five, Heliod isn't a creature. <em>(Each {W} in the mana costs of permanents you control counts toward your devotion to white.)</em>|||Other creatures you control have vigilance.|||{2}{W}{W}: Put a 2/1 white Cleric enchantment creature token onto the battlefield.{{}}17{{}}TRUE
23556{{}}373729{{}}Heliod's Emissary{{}}Theros{{}}THE{{}}Enchantment Creature — Elk{{}}3{{}}3{{}}{{}}{3}{W}{{}}4{{}}Sam Burley{{}}{{}}W{{}}{{}}18{{}}U{{}}3.538{{}}{{}}{{}}Bestow {6}{W} <em>(If you cast this card for its bestow cost, it's an Aura spell with enchant creature. It becomes a creature again if it's not attached to a creature.)</em>|||Whenever Heliod's Emissary or enchanted creature attacks, tap target creature an opponent controls.|||Enchanted creature gets +3/+3.{{}}18{{}}TRUE
23557{{}}373575{{}}Hero's Downfall{{}}Theros{{}}THE{{}}Instant{{}}{{}}{{}}{{}}{1}{B}{B}{{}}3{{}}Ryan Pancoast{{}}<em>Destiny exalts a chosen few, but even heroes break.</em>{{}}B{{}}{{}}90{{}}R{{}}4.385{{}}{{}}{{}}Destroy target creature or planeswalker.{{}}90{{}}TRUE
23558{{}}373616{{}}Hopeful Eidolon{{}}Theros{{}}THE{{}}Enchantment Creature — Spirit{{}}1{{}}1{{}}{{}}{W}{{}}1{{}}Min Yum{{}}{{}}W{{}}{{}}19{{}}C{{}}3.389{{}}{{}}{{}}Bestow {3}{W} <em>(If you cast this card for its bestow cost, it's an Aura spell with enchant creature. It becomes a creature again if it's not attached to a creature.)</em>|||Lifelink <em>(Damage dealt by this creature also causes you to gain that much life.)</em>|||Enchanted creature gets +1/+1 and has lifelink.{{}}19{{}}TRUE
23559{{}}373738{{}}Horizon Chimera{{}}Theros{{}}THE{{}}Creature — Chimera{{}}3{{}}2{{}}{{}}{2}{G}{U}{{}}4{{}}Sam Burley{{}}{{}}GU{{}}{{}}194{{}}U{{}}4.383{{}}{{}}{{}}Flash <em>(You may cast this spell any time you could cast an instant.)</em>|||Flying, trample|||Whenever you draw a card, you gain 1 life.{{}}194{{}}TRUE
23560{{}}373628{{}}Horizon Scholar{{}}Theros{{}}THE{{}}Creature — Sphinx{{}}4{{}}4{{}}{{}}{5}{U}{{}}6{{}}Karl Kopinski{{}}{{}}U{{}}{{}}51{{}}U{{}}2.933{{}}{{}}{{}}Flying|||When Horizon Scholar enters the battlefield, scry 2. <em>(Look at the top two cards of your library, then put any number of them on the bottom of your library and the rest on top in any order.)</em>{{}}51{{}}TRUE
23561{{}}373708{{}}Hundred-Handed One{{}}Theros{{}}THE{{}}Creature — Giant{{}}3{{}}5{{}}{{}}{2}{W}{W}{{}}4{{}}Brad Rigney{{}}{{}}W{{}}{{}}20{{}}R{{}}4.368{{}}{{}}{{}}Vigilance |||{3}{W}{W}{W}: Monstrosity 3. <em>(If this creature isn't monstrous, put three +1/+1 counters on it and it becomes monstrous.)</em>|||As long as Hundred-Handed One is monstrous, it has reach and can block an additional ninety-nine creatures each combat.{{}}20{{}}TRUE
23562{{}}373668{{}}Hunt the Hunter{{}}Theros{{}}THE{{}}Sorcery{{}}{{}}{{}}{{}}{G}{{}}1{{}}Ryan Barger{{}}"<em>""A grudge is a tattoo worn on the inside.""</em>|||<em>—Setessan warrior saying</em>"{{}}G{{}}{{}}159{{}}U{{}}2.25{{}}{{}}{{}}Target green creature you control gets +2/+2 until end of turn. It fights target green creature an opponent controls.{{}}159{{}}TRUE
23563{{}}373673{{}}Hythonia the Cruel{{}}Theros{{}}THE{{}}Legendary Creature — Gorgon{{}}4{{}}6{{}}{{}}{4}{B}{B}{{}}6{{}}Chris Rahn{{}}{{}}B{{}}{{}}91{{}}M{{}}4.186{{}}{{}}{{}}Deathtouch|||{6}{B}{B}: Monstrosity 3. <em>(If this creature isn't monstrous, put three +1/+1 counters on it and it becomes monstrous.)</em>|||When Hythonia the Cruel becomes monstrous, destroy all non-Gorgon creatures.{{}}91{{}}TRUE
23564{{}}373545{{}}Ill-Tempered Cyclops{{}}Theros{{}}THE{{}}Creature — Cyclops{{}}3{{}}3{{}}{{}}{3}{R}{{}}4{{}}Peter Mohrbacher{{}}<em>A cyclops has two moods: angry and asleep.</em>{{}}R{{}}{{}}125{{}}C{{}}3.706{{}}{{}}{{}}Trample|||{5}{R}: Monstrosity 3. <em>(If this creature isn't monstrous, put three +1/+1 counters on it and it becomes monstrous.)</em>{{}}125{{}}TRUE
23565{{}}373670{{}}Insatiable Harpy{{}}Theros{{}}THE{{}}Creature — Harpy{{}}2{{}}2{{}}{{}}{2}{B}{B}{{}}4{{}}Matt Stewart{{}}<em>Gold coin, battered helmet, broken wrist bone—all have the same value in the eyes of a harpy.</em>{{}}B{{}}{{}}92{{}}U{{}}3.194{{}}{{}}{{}}Flying, lifelink{{}}92{{}}TRUE
23566{{}}373595{{}}Island{{}}Theros{{}}THE{{}}Basic Land — Island{{}}{{}}{{}}{{}}{{}}0{{}}Steven Belledin{{}}{{}}L{{}}{U}{{}}235{{}}C{{}}3.786{{}}{{}}2{{}}{U}{{}}235{{}}TRUE
23567{{}}373538{{}}Karametra's Acolyte{{}}Theros{{}}THE{{}}Creature — Human Druid{{}}1{{}}4{{}}{{}}{3}{G}{{}}4{{}}Chase Stone{{}}"<em>""The wilds are a garden tended by divine hands.""</em>"{{}}G{{}}{G}{{}}160{{}}U{{}}4.2{{}}{{}}{{}}{T}: Add an amount of {G} to your mana pool equal to your devotion to green. <em>(Each {G} in the mana costs of permanents you control counts toward your devotion to green.)</em>{{}}160{{}}TRUE
23568{{}}373548{{}}Keepsake Gorgon{{}}Theros{{}}THE{{}}Creature — Gorgon{{}}2{{}}5{{}}{{}}{3}{B}{B}{{}}5{{}}Aaron Miller{{}}{{}}B{{}}{{}}93{{}}U{{}}3.367{{}}{{}}{{}}Deathtouch|||{5}{B}{B}: Monstrosity 1. <em>(If this creature isn't monstrous, put a +1/+1 counter on it and it becomes monstrous.)</em>|||When Keepsake Gorgon becomes monstrous, destroy target non-Gorgon creature an opponent controls.{{}}93{{}}TRUE
23569{{}}373710{{}}Kragma Warcaller{{}}Theros{{}}THE{{}}Creature — Minotaur Warrior{{}}2{{}}3{{}}{{}}{3}{B}{R}{{}}5{{}}Gabor Szikszai{{}}<em>A warcaller merely brings the herd together. After that, the meat-hunger is all the encouragement they need.</em>{{}}RB{{}}{{}}195{{}}U{{}}4.115{{}}{{}}{{}}Minotaur creatures you control have haste.|||Whenever a Minotaur you control attacks, it gets +2/+0 until end of turn.{{}}195{{}}TRUE
23570{{}}373586{{}}Labyrinth Champion{{}}Theros{{}}THE{{}}Creature — Human Warrior{{}}2{{}}2{{}}{{}}{3}{R}{{}}4{{}}Chase Stone{{}}"<em>""It used to be a lair. Now it's just a tunnel.""</em>"{{}}R{{}}{{}}126{{}}R{{}}3.882{{}}{{}}{{}}Heroic — Whenever you cast a spell that targets Labyrinth Champion, Labyrinth Champion deals 2 damage to target creature or player.{{}}126{{}}TRUE
23571{{}}373599{{}}Lagonna-Band Elder{{}}Theros{{}}THE{{}}Creature — Centaur Advisor{{}}3{{}}2{{}}{{}}{2}{W}{{}}3{{}}Min Yum{{}}"<em>""The best lessons are not the ones I teach. They are the ones the pupils realize for themselves.""</em>"{{}}W{{}}{{}}21{{}}C{{}}2.786{{}}{{}}{{}}When Lagonna-Band Elder enters the battlefield, if you control an enchantment, you gain 3 life.{{}}21{{}}TRUE
23572{{}}373610{{}}Lash of the Whip{{}}Theros{{}}THE{{}}Instant{{}}{{}}{{}}{{}}{4}{B}{{}}5{{}}Dan Scott{{}}"<em>""No matter who their fickle hearts worship, all mortals belong to one god in the end.""</em>|||<em>—Iadorna, death priest of Erebos</em>"{{}}B{{}}{{}}94{{}}C{{}}1.333{{}}{{}}{{}}Target creature gets -4/-4 until end of turn.{{}}94{{}}TRUE
23573{{}}373680{{}}Last Breath{{}}Theros{{}}THE{{}}Instant{{}}{{}}{{}}{{}}{1}{W}{{}}2{{}}Nils Hamm{{}}<em>In time, all things turn to dust. Some things just take less time.</em>{{}}W{{}}{{}}22{{}}C{{}}1.781{{}}{{}}{{}}Exile target creature with power 2 or less. Its controller gains 4 life.{{}}22{{}}TRUE
23574{{}}373523{{}}Leafcrown Dryad{{}}Theros{{}}THE{{}}Enchantment Creature — Nymph Dryad{{}}2{{}}2{{}}{{}}{1}{G}{{}}2{{}}Volkan Baga{{}}{{}}G{{}}{{}}161{{}}C{{}}3.893{{}}{{}}{{}}Bestow {3}{G} <em>(If you cast this card for its bestow cost, it's an Aura spell with enchant creature. It becomes a creature again if it's not attached to a creature.)</em>|||Reach|||Enchanted creature gets +2/+2 and has reach.{{}}161{{}}TRUE
23575{{}}373600{{}}Leonin Snarecaster{{}}Theros{{}}THE{{}}Creature — Cat Soldier{{}}2{{}}1{{}}{{}}{1}{W}{{}}2{{}}Kev Walker{{}}"<em>Formerly oppressed by the polis of Meletis, leonin occasionally ""mistake"" their old enemies for game.</em>"{{}}W{{}}{{}}23{{}}C{{}}2.542{{}}{{}}{{}}When Leonin Snarecaster enters the battlefield, you may tap target creature.{{}}23{{}}TRUE
23576{{}}373651{{}}Lightning Strike{{}}Theros{{}}THE{{}}Instant{{}}{{}}{{}}{{}}{1}{R}{{}}2{{}}Adam Paquette{{}}"<em>""The hand of Keranos can be seen in every rumbling storm cloud. Best not to stand where he points.""</em>|||<em>—Rakleia of Shrine Peak</em>"{{}}R{{}}{{}}127{{}}C{{}}3.409{{}}{{}}{{}}Lightning Strike deals 3 damage to target creature or player.{{}}127{{}}TRUE
23577{{}}373731{{}}Loathsome Catoblepas{{}}Theros{{}}THE{{}}Creature — Beast{{}}3{{}}3{{}}{{}}{5}{B}{{}}6{{}}Christopher Burdett{{}}{{}}B{{}}{{}}95{{}}C{{}}1.882{{}}{{}}{{}}{2}{G}: Loathsome Catoblepas must be blocked this turn if able.|||When Loathsome Catoblepas dies, target creature an opponent controls gets -3/-3 until end of turn.{{}}95{{}}TRUE
23578{{}}373629{{}}Lost in a Labyrinth{{}}Theros{{}}THE{{}}Instant{{}}{{}}{{}}{{}}{U}{{}}1{{}}Winona Nelson{{}}<em>Even those who leave the labyrinth never escape it, forever dreaming of their time trapped within.</em>{{}}U{{}}{{}}52{{}}C{{}}2{{}}{{}}{{}}Target creature gets -3/-0 until end of turn. Scry 1. <em>(Look at the top card of your library. You may put that card on the bottom of your library.)</em>{{}}52{{}}TRUE
23579{{}}373704{{}}Magma Jet{{}}Theros{{}}THE{{}}Instant{{}}{{}}{{}}{{}}{1}{R}{{}}2{{}}Maciej Kuciara{{}}{{}}R{{}}{{}}128{{}}U{{}}4.559{{}}{{}}{{}}Magma Jet deals 2 damage to target creature or player. Scry 2. <em>(Look at the top two cards of your library, then put any number of them on the bottom of your library and the rest on top in any order.)</em>{{}}128{{}}TRUE
23580{{}}373579{{}}March of the Returned{{}}Theros{{}}THE{{}}Sorcery{{}}{{}}{{}}{{}}{3}{B}{{}}4{{}}Mark Zug{{}}<em>The Returned have no memory of the Underworld or of their former lives. The golden masks they wear are the last gifts of the selves they left behind.</em>{{}}B{{}}{{}}96{{}}C{{}}2.536{{}}{{}}{{}}Return up to two target creature cards from your graveyard to your hand.{{}}96{{}}TRUE
23581{{}}373536{{}}Master of Waves{{}}Theros{{}}THE{{}}Creature — Merfolk Wizard{{}}2{{}}1{{}}{{}}{3}{U}{{}}4{{}}Karl Kopinski{{}}{{}}U{{}}{{}}53{{}}M{{}}4.53{{}}{{}}{{}}Protection from red|||Elemental creatures you control get +1/+1.|||When Master of Waves enters the battlefield, put a number of 1/0 blue Elemental creature tokens onto the battlefield equal to your devotion to blue. <em>(Each {U} in the mana costs of permanents you control counts toward your devotion to blue.)</em>{{}}53{{}}TRUE
23582{{}}373675{{}}Medomai the Ageless{{}}Theros{{}}THE{{}}Legendary Creature — Sphinx{{}}4{{}}4{{}}{{}}{4}{W}{U}{{}}6{{}}David Palumbo{{}}{{}}WU{{}}{{}}196{{}}M{{}}4.404{{}}{{}}{{}}Flying|||Whenever Medomai the Ageless deals combat damage to a player, take an extra turn after this one.|||Medomai the Ageless can't attack during extra turns.{{}}196{{}}TRUE
23583{{}}373741{{}}Meletis Charlatan{{}}Theros{{}}THE{{}}Creature — Human Wizard{{}}2{{}}3{{}}{{}}{2}{U}{{}}3{{}}Jason A. Engle{{}}"<em>""Every object has an echo in the Æther beyond the world. Every idea has a shadow that can be brought to light.""</em>"{{}}U{{}}{{}}54{{}}R{{}}3.925{{}}{{}}{{}}{2}{U}, {T}: The controller of target instant or sorcery spell copies it. That player may choose new targets for the copy.{{}}54{{}}TRUE
23584{{}}373699{{}}Messenger's Speed{{}}Theros{{}}THE{{}}Enchantment — Aura{{}}{{}}{{}}{{}}{R}{{}}1{{}}Clint Cearley{{}}"<em>""He outran arrows. He outran even the archers' insults.""</em>|||<em>—Bayma, storyteller of Lagonna Band</em>"{{}}R{{}}{{}}129{{}}C{{}}3.929{{}}{{}}{{}}Enchant creature|||Enchanted creature has trample and haste.{{}}129{{}}TRUE
23585{{}}373698{{}}Minotaur Skullcleaver{{}}Theros{{}}THE{{}}Creature — Minotaur Berserker{{}}2{{}}2{{}}{{}}{2}{R}{{}}3{{}}Phill Simmer{{}}"<em>""Their only dreams are of full stomachs.""</em>|||<em>—Kleon the Iron-Booted</em>"{{}}R{{}}{{}}130{{}}C{{}}3.735{{}}{{}}{{}}Haste|||When Minotaur Skullcleaver enters the battlefield, it gets +2/+0 until end of turn.{{}}130{{}}TRUE
23586{{}}373727{{}}Mistcutter Hydra{{}}Theros{{}}THE{{}}Creature — Hydra{{}}0{{}}0{{}}{{}}{X}{G}{{}}1{{}}Ryan Pancoast{{}}{{}}G{{}}{{}}162{{}}R{{}}4.442{{}}{{}}{{}}Mistcutter Hydra can't be countered.|||Haste, protection from blue|||Mistcutter Hydra enters the battlefield with X +1/+1 counters on it.{{}}162{{}}TRUE
23587{{}}373658{{}}Mnemonic Wall{{}}Theros{{}}THE{{}}Creature — Wall{{}}0{{}}4{{}}{{}}{4}{U}{{}}5{{}}Trevor Claxton{{}}"<em>""It augments anamnesis. What is so confusing about that?""</em>|||<em>—Perisophia the philosopher</em>"{{}}U{{}}{{}}55{{}}C{{}}3.25{{}}{{}}{{}}Defender|||When Mnemonic Wall enters the battlefield, you may return target instant or sorcery card from your graveyard to your hand.{{}}55{{}}TRUE
23588{{}}373565{{}}Mogis's Marauder{{}}Theros{{}}THE{{}}Creature — Human Berserker{{}}2{{}}2{{}}{{}}{2}{B}{{}}3{{}}Chase Stone{{}}{{}}B{{}}{{}}97{{}}U{{}}3.733{{}}{{}}{{}}When Mogis's Marauder enters the battlefield, up to X target creatures each gain intimidate and haste until end of turn, where X is your devotion to black. <em>(Each {B} in the mana costs of permanents you control counts toward your devotion to black.)</em>{{}}97{{}}TRUE
23589{{}}373609{{}}Mountain{{}}Theros{{}}THE{{}}Basic Land — Mountain{{}}{{}}{{}}{{}}{{}}0{{}}Rob Alexander{{}}{{}}L{{}}{R}{{}}242{{}}C{{}}3.5{{}}{{}}2{{}}{R}{{}}242{{}}TRUE
23590{{}}373694{{}}Nemesis of Mortals{{}}Theros{{}}THE{{}}Creature — Snake{{}}5{{}}5{{}}{{}}{4}{G}{G}{{}}6{{}}Mathias Kollros{{}}{{}}G{{}}{{}}163{{}}U{{}}4.273{{}}{{}}{{}}Nemesis of Mortals costs {1} less to cast for each creature card in your graveyard.|||{7}{G}{G}: Monstrosity 5. This ability costs {1} less to activate for each creature card in your graveyard. <em>(If this creature isn't monstrous, put five +1/+1 counters on it and it becomes monstrous.)</em>{{}}163{{}}TRUE
23591{{}}373650{{}}Nessian Asp{{}}Theros{{}}THE{{}}Creature — Snake{{}}4{{}}5{{}}{{}}{4}{G}{{}}5{{}}Alex Horley-Orlandelli{{}}<em>It's not the two heads you should fear. It's the four fangs.</em>{{}}G{{}}{{}}164{{}}C{{}}4.067{{}}{{}}{{}}Reach|||{6}{G}: Monstrosity 4. <em>(If this creature isn't monstrous, put four +1/+1 counters on it and it becomes monstrous.)</em>{{}}164{{}}TRUE
23592{{}}373581{{}}Nessian Courser{{}}Theros{{}}THE{{}}Creature — Centaur Warrior{{}}3{{}}3{{}}{{}}{2}{G}{{}}3{{}}Steve Prescott{{}}<em>Khestes the Adamant, the Champion's closest ally among the centaurs, took one stone to his shoulder and another to his flank. He held his stride and his aim, and let fly the arrow that killed the giant Grinthax.</em>|||<em>—The Theriad</em>{{}}G{{}}{{}}165{{}}C{{}}3.118{{}}{{}}{{}}{{}}165{{}}TRUE
23593{{}}373564{{}}Nighthowler{{}}Theros{{}}THE{{}}Enchantment Creature — Horror{{}}0{{}}0{{}}{{}}{1}{B}{B}{{}}3{{}}Nils Hamm{{}}{{}}B{{}}{{}}98{{}}R{{}}4.385{{}}{{}}{{}}Bestow {2}{B}{B} <em>(If you cast this card for its bestow cost, it's an Aura spell with enchant creature. It becomes a creature again if it's not attached to a creature.)</em>|||Nighthowler and enchanted creature each get +X/+X, where X is the number of creature cards in all graveyards.{{}}98{{}}TRUE
23594{{}}373719{{}}Nimbus Naiad{{}}Theros{{}}THE{{}}Enchantment Creature — Nymph{{}}2{{}}2{{}}{{}}{2}{U}{{}}3{{}}David Palumbo{{}}{{}}U{{}}{{}}56{{}}C{{}}3.308{{}}{{}}{{}}Bestow {4}{U} <em>(If you cast this card for its bestow cost, it's an Aura spell with enchant creature. It becomes a creature again if it's not attached to a creature.)</em>|||Flying|||Enchanted creature gets +2/+2 and has flying.{{}}56{{}}TRUE
23595{{}}373713{{}}Nykthos, Shrine to Nyx{{}}Theros{{}}THE{{}}Legendary Land{{}}{{}}{{}}{{}}{{}}0{{}}Jung Park{{}}{{}}L{{}}{X}{{}}223{{}}R{{}}4.594{{}}{{}}{{}}{T}: Add {1} to your mana pool.|||{2}, {T}: Choose a color. Add to your mana pool an amount of mana of that color equal to your devotion to that color. <em>(Your devotion to a color is the number of mana symbols of that color in the mana costs of permanents you control.)</em>{{}}223{{}}TRUE
23596{{}}373559{{}}Nylea, God of the Hunt{{}}Theros{{}}THE{{}}Legendary Enchantment Creature — God{{}}6{{}}6{{}}{{}}{3}{G}{{}}4{{}}Chris Rahn{{}}{{}}G{{}}{{}}166{{}}M{{}}4.315{{}}{{}}{{}}Indestructible|||As long as your devotion to green is less than five, Nylea isn't a creature. <em>(Each {G} in the mana costs of permanents you control counts toward your devotion to green.)</em>|||Other creatures you control have trample.|||{3}{G}: Target creature gets +2/+2 until end of turn.{{}}166{{}}TRUE
23597{{}}373498{{}}Nylea's Disciple{{}}Theros{{}}THE{{}}Creature — Centaur Archer{{}}3{{}}3{{}}{{}}{2}{G}{G}{{}}4{{}}Trevor Claxton{{}}{{}}G{{}}{{}}167{{}}C{{}}4.042{{}}{{}}{{}}When Nylea's Disciple enters the battlefield, you gain life equal to your devotion to green. <em>(Each {G} in the mana costs of permanents you control counts toward your devotion to green.)</em>{{}}167{{}}TRUE
23598{{}}373510{{}}Nylea's Emissary{{}}Theros{{}}THE{{}}Enchantment Creature — Cat{{}}3{{}}3{{}}{{}}{3}{G}{{}}4{{}}Sam Burley{{}}{{}}G{{}}{{}}168{{}}U{{}}3.55{{}}{{}}{{}}Bestow {5}{G} <em>(If you cast this card for its bestow cost, it's an Aura spell with enchant creature. It becomes a creature again if it's not attached to a creature.)</em>|||Trample|||Enchanted creature gets +3/+3 and has trample.{{}}168{{}}TRUE
23599{{}}373580{{}}Nylea's Presence{{}}Theros{{}}THE{{}}Enchantment — Aura{{}}{{}}{{}}{{}}{1}{G}{{}}2{{}}Ralph Horsley{{}}{{}}G{{}}{{}}169{{}}C{{}}3.214{{}}{{}}{{}}Enchant land|||When Nylea's Presence enters the battlefield, draw a card.|||Enchanted land is every basic land type in addition to its other types.{{}}169{{}}TRUE
23600{{}}373733{{}}Observant Alseid{{}}Theros{{}}THE{{}}Enchantment Creature — Nymph{{}}2{{}}2{{}}{{}}{2}{W}{{}}3{{}}Todd Lockwood{{}}{{}}W{{}}{{}}24{{}}C{{}}2.65{{}}{{}}{{}}Bestow {4}{W} <em>(If you cast this card for its bestow cost, it's an Aura spell with enchant creature. It becomes a creature again if it's not attached to a creature.)</em>|||Vigilance|||Enchanted creature gets +2/+2 and has vigilance.{{}}24{{}}TRUE
23601{{}}373693{{}}Omenspeaker{{}}Theros{{}}THE{{}}Creature — Human Wizard{{}}1{{}}3{{}}{{}}{1}{U}{{}}2{{}}Dallas Williams{{}}<em>Her prophecies amaze her even as she speaks them.</em>{{}}U{{}}{{}}57{{}}C{{}}3.667{{}}{{}}{{}}When Omenspeaker enters the battlefield, scry 2. <em>(Look at the top two cards of your library, then put any number of them on the bottom of your library and the rest on top in any order.)</em>{{}}57{{}}TRUE
23602{{}}373611{{}}Opaline Unicorn{{}}Theros{{}}THE{{}}Artifact Creature — Unicorn{{}}1{{}}2{{}}{{}}{3}{{}}3{{}}Christine Choi{{}}<em>Purphoros once loved Nylea, the god of the hunt. His passion inspired his most astounding works of art.</em>{{}}A{{}}{W}{U}{B}{R}{G}{{}}218{{}}C{{}}3.867{{}}{{}}{{}}{T}: Add one mana of any color to your mana pool.{{}}218{{}}TRUE
23603{{}}373646{{}}Ordeal of Erebos{{}}Theros{{}}THE{{}}Enchantment — Aura{{}}{{}}{{}}{{}}{1}{B}{{}}2{{}}Tyler Jacobson{{}}{{}}B{{}}{{}}99{{}}U{{}}3.5{{}}{{}}{{}}Enchant creature|||Whenever enchanted creature attacks, put a +1/+1 counter on it. Then if it has three or more +1/+1 counters on it, sacrifice Ordeal of Erebos.|||When you sacrifice Ordeal of Erebos, target player discards two cards.{{}}99{{}}TRUE
23604{{}}373619{{}}Ordeal of Heliod{{}}Theros{{}}THE{{}}Enchantment — Aura{{}}{{}}{{}}{{}}{1}{W}{{}}2{{}}Lucas Graciano{{}}{{}}W{{}}{{}}25{{}}U{{}}3.967{{}}{{}}{{}}Enchant creature|||Whenever enchanted creature attacks, put a +1/+1 counter on it. Then if it has three or more +1/+1 counters on it, sacrifice Ordeal of Heliod.|||When you sacrifice Ordeal of Heliod, you gain 10 life.{{}}25{{}}TRUE
23605{{}}373553{{}}Ordeal of Nylea{{}}Theros{{}}THE{{}}Enchantment — Aura{{}}{{}}{{}}{{}}{1}{G}{{}}2{{}}David Palumbo{{}}{{}}G{{}}{{}}170{{}}U{{}}4.188{{}}{{}}{{}}Enchant creature|||Whenever enchanted creature attacks, put a +1/+1 counter on it. Then if it has three or more +1/+1 counters on it, sacrifice Ordeal of Nylea.|||When you sacrifice Ordeal of Nylea, search your library for up to two basic land cards, put them onto the battlefield tapped, then shuffle your library.{{}}170{{}}TRUE
23606{{}}373647{{}}Ordeal of Purphoros{{}}Theros{{}}THE{{}}Enchantment — Aura{{}}{{}}{{}}{{}}{1}{R}{{}}2{{}}Maciej Kuciara{{}}{{}}R{{}}{{}}131{{}}U{{}}4.2{{}}{{}}{{}}Enchant creature|||Whenever enchanted creature attacks, put a +1/+1 counter on it. Then if it has three or more +1/+1 counters on it, sacrifice Ordeal of Purphoros.|||When you sacrifice Ordeal of Purphoros, it deals 3 damage to target creature or player.{{}}131{{}}TRUE
23607{{}}373696{{}}Ordeal of Thassa{{}}Theros{{}}THE{{}}Enchantment — Aura{{}}{{}}{{}}{{}}{1}{U}{{}}2{{}}Howard Lyon{{}}{{}}U{{}}{{}}58{{}}U{{}}3.969{{}}{{}}{{}}Enchant creature|||Whenever enchanted creature attacks, put a +1/+1 counter on it. Then if it has three or more +1/+1 counters on it, sacrifice Ordeal of Thassa.|||When you sacrifice Ordeal of Thassa, draw two cards.{{}}58{{}}TRUE
23608{{}}373507{{}}Peak Eruption{{}}Theros{{}}THE{{}}Sorcery{{}}{{}}{{}}{{}}{2}{R}{{}}3{{}}Adam Paquette{{}}"<em>""Early olive buds? A good omen. Flock of crows? Not so good. Mountain exploding? Bad. Very, very bad.""</em>|||<em>—Hira, street oracle</em>"{{}}R{{}}{{}}132{{}}U{{}}3.735{{}}{{}}{{}}Destroy target Mountain. Peak Eruption deals 3 damage to that land's controller.{{}}132{{}}TRUE
23609{{}}373592{{}}Phalanx Leader{{}}Theros{{}}THE{{}}Creature — Human Soldier{{}}1{{}}1{{}}{{}}{W}{W}{{}}2{{}}David Palumbo{{}}<em>His soldiers etch his words on the insides of their shields, their inspiration always in sight during battle.</em>{{}}W{{}}{{}}26{{}}U{{}}4.58{{}}{{}}{{}}Heroic — Whenever you cast a spell that targets Phalanx Leader, put a +1/+1 counter on each creature you control.{{}}26{{}}TRUE
23610{{}}373722{{}}Pharika's Cure{{}}Theros{{}}THE{{}}Instant{{}}{{}}{{}}{{}}{B}{B}{{}}2{{}}Igor Kieryluk{{}}"<em>""The venom cleanses the sickness from your body, but it will not be pleasant, and you may not survive. Pharika's blessings are fickle.""</em>|||<em>—Solon, acolyte of Pharika</em>"{{}}B{{}}{{}}100{{}}C{{}}3.533{{}}{{}}{{}}Pharika's Cure deals 2 damage to target creature and you gain 2 life.{{}}100{{}}TRUE
23611{{}}373569{{}}Pharika's Mender{{}}Theros{{}}THE{{}}Creature — Gorgon{{}}4{{}}3{{}}{{}}{3}{B}{G}{{}}5{{}}Peter Mohrbacher{{}}"<em>""The direst venom becomes a panacea under Pharika's guidance. I bring it to the worthy, clinging at the edge of the abyss.""</em>"{{}}GB{{}}{{}}197{{}}U{{}}3.75{{}}{{}}{{}}When Pharika's Mender enters the battlefield, you may return target creature or enchantment card from your graveyard to your hand.{{}}197{{}}TRUE
23612{{}}373657{{}}Pheres-Band Centaurs{{}}Theros{{}}THE{{}}Creature — Centaur Warrior{{}}3{{}}7{{}}{{}}{4}{G}{{}}5{{}}Mark Winters{{}}"<em>""Poets speak of your unrivaled speed,"" the Champion said to the assembled centaurs, ""but it is plain to see that your true strength lies in your unwavering loyalty to one another.""</em>|||<em>—The Theriad</em>"{{}}G{{}}{{}}171{{}}C{{}}3{{}}{{}}{{}}{{}}171{{}}TRUE
23613{{}}373582{{}}Plains{{}}Theros{{}}THE{{}}Basic Land — Plains{{}}{{}}{{}}{{}}{{}}0{{}}Raoul Vitale{{}}{{}}L{{}}{W}{{}}233{{}}C{{}}3.667{{}}{{}}2{{}}{W}{{}}233{{}}TRUE
23614{{}}373716{{}}Polis Crusher{{}}Theros{{}}THE{{}}Creature — Cyclops{{}}4{{}}4{{}}{{}}{2}{R}{G}{{}}4{{}}Chase Stone{{}}{{}}GR{{}}{{}}198{{}}R{{}}4.333{{}}{{}}{{}}Trample, protection from enchantments|||{4}{R}{G}: Monstrosity 3. <em>(If this creature isn't monstrous, put three +1/+1 counters on it and it becomes monstrous.)</em>|||Whenever Polis Crusher deals combat damage to a player, if Polis Crusher is monstrous, destroy target enchantment that player controls.{{}}198{{}}TRUE
23615{{}}373549{{}}Polukranos, World Eater{{}}Theros{{}}THE{{}}Legendary Creature — Hydra{{}}5{{}}5{{}}{{}}{2}{G}{G}{{}}4{{}}Johann Bodin{{}}{{}}G{{}}{{}}172{{}}M{{}}4.231{{}}{{}}{{}}{X}{X}{G}: Monstrosity X. <em>(If this creature isn't monstrous, put X +1/+1 counters on it and it becomes monstrous.)</em>|||When Polukranos, World Eater becomes monstrous, it deals X damage divided as you choose among any number of target creatures your opponents control. Each of those creatures deals damage equal to its power to Polukranos.{{}}172{{}}TRUE
23616{{}}373667{{}}Portent of Betrayal{{}}Theros{{}}THE{{}}Sorcery{{}}{{}}{{}}{{}}{3}{R}{{}}4{{}}Daarken{{}}{{}}R{{}}{{}}133{{}}C{{}}3.227{{}}{{}}{{}}Gain control of target creature until end of turn. Untap that creature. It gains haste until end of turn. Scry 1. <em>(Look at the top card of your library. You may put that card on the bottom of your library.)</em>{{}}133{{}}TRUE
23617{{}}373643{{}}Prescient Chimera{{}}Theros{{}}THE{{}}Creature — Chimera{{}}3{{}}4{{}}{{}}{3}{U}{U}{{}}5{{}}Daarken{{}}{{}}U{{}}{{}}59{{}}C{{}}3.906{{}}{{}}{{}}Flying|||Whenever you cast an instant or sorcery spell, scry 1. <em>(Look at the top card of your library. You may put that card on the bottom of your library.)</em>{{}}59{{}}TRUE
23618{{}}373614{{}}Priest of Iroas{{}}Theros{{}}THE{{}}Creature — Human Cleric{{}}1{{}}1{{}}{{}}{R}{{}}1{{}}Clint Cearley{{}}"<em>""Even my last breath will be a blow struck for Iroas.""</em>"{{}}R{{}}{{}}134{{}}C{{}}2{{}}{{}}{{}}{3}{W}, Sacrifice Priest of Iroas: Destroy target enchantment.{{}}134{{}}TRUE
23619{{}}373617{{}}Prognostic Sphinx{{}}Theros{{}}THE{{}}Creature — Sphinx{{}}3{{}}5{{}}{{}}{3}{U}{U}{{}}5{{}}Steve Prescott{{}}{{}}U{{}}{{}}60{{}}R{{}}4.405{{}}{{}}{{}}Flying|||Discard a card: Prognostic Sphinx gains hexproof until end of turn. Tap it.|||Whenever Prognostic Sphinx attacks, scry 3. <em>(Look at the top three cards of your library, then put any number of them on the bottom of your library and the rest on top in any order.)</em>{{}}60{{}}TRUE
23620{{}}373635{{}}Prophet of Kruphix{{}}Theros{{}}THE{{}}Creature — Human Wizard{{}}2{{}}3{{}}{{}}{3}{G}{U}{{}}5{{}}Winona Nelson{{}}"<em>""Time is fluid as a dance, and truth as fleeting.""</em>"{{}}GU{{}}{{}}199{{}}R{{}}4.74{{}}{{}}{{}}Untap all creatures and lands you control during each other player's untap step.|||You may cast creature cards as though they had flash.{{}}199{{}}TRUE
23621{{}}373626{{}}Prowler's Helm{{}}Theros{{}}THE{{}}Artifact — Equipment{{}}{{}}{{}}{{}}{2}{{}}2{{}}Igor Kieryluk{{}}"<em>""The youths prattle on about heroic deeds, but avoiding the noose is a feat more daring than their entire careers.""</em>|||<em>—Basarios the Blade</em>"{{}}A{{}}{{}}219{{}}U{{}}3.35{{}}{{}}{{}}Equipped creature can't be blocked except by Walls.|||Equip {2}{{}}219{{}}TRUE
23622{{}}373695{{}}Psychic Intrusion{{}}Theros{{}}THE{{}}Sorcery{{}}{{}}{{}}{{}}{3}{U}{B}{{}}5{{}}Jaime Jones{{}}{{}}UB{{}}{{}}200{{}}R{{}}3.8{{}}{{}}{{}}Target opponent reveals his or her hand. You choose a nonland card from that player's graveyard or hand and exile it. You may cast that card for as long as it remains exiled, and you may spend mana as though it were mana of any color to cast that spell.{{}}200{{}}TRUE
23623{{}}373556{{}}Purphoros, God of the Forge{{}}Theros{{}}THE{{}}Legendary Enchantment Creature — God{{}}6{{}}5{{}}{{}}{3}{R}{{}}4{{}}Eric Deschamps{{}}{{}}R{{}}{{}}135{{}}M{{}}4.705{{}}{{}}{{}}Indestructible|||As long as your devotion to red is less than five, Purphoros isn't a creature.|||Whenever another creature enters the battlefield under your control, Purphoros deals 2 damage to each opponent.|||{2}{R}: Creatures you control get +1/+0 until end of turn.{{}}135{{}}TRUE
23624{{}}373505{{}}Purphoros's Emissary{{}}Theros{{}}THE{{}}Enchantment Creature — Ox{{}}3{{}}3{{}}{{}}{3}{R}{{}}4{{}}Sam Burley{{}}{{}}R{{}}{{}}136{{}}U{{}}3.75{{}}{{}}{{}}Bestow {6}{R} <em>(If you cast this card for its bestow cost, it's an Aura spell with enchant creature. It becomes a creature again if it's not attached to a creature.)</em>|||Purphoros's Emissary can't be blocked except by two or more creatures.|||Enchanted creature gets +3/+3 and can't be blocked except by two or more creatures.{{}}136{{}}TRUE
23625{{}}373669{{}}Pyxis of Pandemonium{{}}Theros{{}}THE{{}}Artifact{{}}{{}}{{}}{{}}{1}{{}}1{{}}David Palumbo{{}}{{}}A{{}}{{}}220{{}}R{{}}3.571{{}}{{}}{{}}{T}: Each player exiles the top card of his or her library face down.|||{7}, {T}, Sacrifice Pyxis of Pandemonium: Each player turns face up all cards he or she owns exiled with Pyxis of Pandemonium, then puts all permanent cards among them onto the battlefield.{{}}220{{}}TRUE
23626{{}}373663{{}}Rage of Purphoros{{}}Theros{{}}THE{{}}Sorcery{{}}{{}}{{}}{{}}{4}{R}{{}}5{{}}Mathias Kollros{{}}{{}}R{{}}{{}}137{{}}C{{}}2.071{{}}{{}}{{}}Rage of Purphoros deals 4 damage to target creature. It can't be regenerated this turn. Scry 1. <em>(Look at the top card of your library. You may put that card on the bottom of your library.)</em>{{}}137{{}}TRUE
23627{{}}373672{{}}Rageblood Shaman{{}}Theros{{}}THE{{}}Creature — Minotaur Shaman{{}}2{{}}3{{}}{{}}{1}{R}{R}{{}}3{{}}Mike Bierek{{}}"<em>""I see a spark of pure rage. Soon that spark will spread from the depths of Kragma. Soon its fire will engulf the polis.""</em>|||<em>—Hira, street oracle</em>"{{}}R{{}}{{}}138{{}}R{{}}4.479{{}}{{}}{{}}Trample|||Other Minotaur creatures you control get +1/+1 and have trample.{{}}138{{}}TRUE
23628{{}}373739{{}}Ray of Dissolution{{}}Theros{{}}THE{{}}Instant{{}}{{}}{{}}{{}}{2}{W}{{}}3{{}}Terese Nielsen{{}}<em>The works of one god last only as long as the patience of another.</em>{{}}W{{}}{{}}27{{}}C{{}}2.542{{}}{{}}{{}}Destroy target enchantment. You gain 3 life.{{}}27{{}}TRUE
23629{{}}373725{{}}Read the Bones{{}}Theros{{}}THE{{}}Sorcery{{}}{{}}{{}}{{}}{2}{B}{{}}3{{}}Lars Grant-West{{}}<em>The dead know lessons the living haven't learned.</em>{{}}B{{}}{{}}101{{}}C{{}}4.481{{}}{{}}{{}}Scry 2, then draw two cards. You lose 2 life. <em>(To scry 2, look at the top two cards of your library, then put any number of them on the bottom of your library and the rest on top in any order.)</em>{{}}101{{}}TRUE
23630{{}}373570{{}}Reaper of the Wilds{{}}Theros{{}}THE{{}}Creature — Gorgon{{}}4{{}}5{{}}{{}}{2}{B}{G}{{}}4{{}}Karl Kopinski{{}}{{}}GB{{}}{{}}201{{}}R{{}}4.556{{}}{{}}{{}}Whenever another creature dies, scry 1. <em>(Look at the top card of your library. You may put that card on the bottom of your library.)</em>|||{B}: Reaper of the Wilds gains deathtouch until end of turn.|||{1}{G}: Reaper of the Wilds gains hexproof until end of turn.{{}}201{{}}TRUE
23631{{}}373532{{}}Rescue from the Underworld{{}}Theros{{}}THE{{}}Instant{{}}{{}}{{}}{{}}{4}{B}{{}}5{{}}Raymond Swanland{{}}{{}}B{{}}{{}}102{{}}U{{}}4.44{{}}{{}}{{}}As an additional cost to cast Rescue from the Underworld, sacrifice a creature. |||Choose target creature card in your graveyard. Return that card and the sacrificed card to the battlefield under your control at the beginning of your next upkeep. Exile Rescue from the Underworld.{{}}102{{}}TRUE
23632{{}}373644{{}}Returned Centaur{{}}Theros{{}}THE{{}}Creature — Zombie Centaur{{}}2{{}}4{{}}{{}}{3}{B}{{}}4{{}}Lucas Graciano{{}}<em>Driven away by his living kin, he wanders mourning through the wilderness, seeking the dead city of Asphodel.</em>{{}}B{{}}{{}}103{{}}C{{}}3.3{{}}{{}}{{}}When Returned Centaur enters the battlefield, target player puts the top four cards of his or her library into his or her graveyard.{{}}103{{}}TRUE
23633{{}}373508{{}}Returned Phalanx{{}}Theros{{}}THE{{}}Creature — Zombie Soldier{{}}3{{}}3{{}}{{}}{1}{B}{{}}2{{}}Seb McKinnon{{}}<em>They lived in different nations and fought in different eras, but as the Returned, they link arms as one.</em>{{}}B{{}}{{}}104{{}}C{{}}3.321{{}}{{}}{{}}Defender|||{1}{U}: Returned Phalanx can attack this turn as though it didn't have defender.{{}}104{{}}TRUE
23634{{}}373601{{}}Reverent Hunter{{}}Theros{{}}THE{{}}Creature — Human Archer{{}}1{{}}1{{}}{{}}{2}{G}{{}}3{{}}Wesley Burt{{}}{{}}G{{}}{{}}173{{}}R{{}}4.281{{}}{{}}{{}}When Reverent Hunter enters the battlefield, put a number of +1/+1 counters on it equal to your devotion to green. <em>(Each {G} in the mana costs of permanents you control counts toward your devotion to green.)</em>{{}}173{{}}TRUE
23635{{}}373744{{}}Satyr Hedonist{{}}Theros{{}}THE{{}}Creature — Satyr{{}}2{{}}1{{}}{{}}{1}{G}{{}}2{{}}Chase Stone{{}}"<em>""Any festival you can walk away from wasn't worth attending in the first place.""</em>"{{}}G{{}}{R}{{}}174{{}}C{{}}4.036{{}}{{}}{{}}{R}, Sacrifice Satyr Hedonist: Add {R}{R}{R} to your mana pool.{{}}174{{}}TRUE
23636{{}}373728{{}}Satyr Piper{{}}Theros{{}}THE{{}}Creature — Satyr Rogue{{}}2{{}}1{{}}{{}}{2}{G}{{}}3{{}}Christopher Moeller{{}}"<em>""When I asked my commander the reward for killing that prancing nuisance, he told me, ‘None! I want to kill him myself!'""</em>|||<em>—Phrogas, soldier of Akros</em>"{{}}G{{}}{{}}175{{}}U{{}}3.2{{}}{{}}{{}}{3}{G}: Target creature must be blocked this turn if able.{{}}175{{}}TRUE
23637{{}}373737{{}}Satyr Rambler{{}}Theros{{}}THE{{}}Creature — Satyr{{}}2{{}}1{{}}{{}}{1}{R}{{}}2{{}}John Stanko{{}}<em>A satyr is bound by nothing—not home, not family, not loyalty.</em>{{}}R{{}}{{}}139{{}}C{{}}3.5{{}}{{}}{{}}Trample{{}}139{{}}TRUE
23638{{}}373602{{}}Savage Surge{{}}Theros{{}}THE{{}}Instant{{}}{{}}{{}}{{}}{1}{G}{{}}2{{}}Jasper Sandner{{}}"<em>""I thought its back was turned!""</em>|||<em>""A centaur has two backs!""</em>"{{}}G{{}}{{}}176{{}}C{{}}4.111{{}}{{}}{{}}Target creature gets +2/+2 until end of turn. Untap that creature.{{}}176{{}}TRUE
23639{{}}373692{{}}Scholar of Athreos{{}}Theros{{}}THE{{}}Creature — Human Cleric{{}}1{{}}4{{}}{{}}{2}{W}{{}}3{{}}Cynthia Sheppard{{}}<em>She asks pointed questions of the dead who wait for Athreos, learning of life from those who are about to leave it.</em>{{}}W{{}}{{}}28{{}}C{{}}3.25{{}}{{}}{{}}{2}{B}: Each opponent loses 1 life. You gain life equal to the life lost this way.{{}}28{{}}TRUE
23640{{}}373652{{}}Scourgemark{{}}Theros{{}}THE{{}}Enchantment — Aura{{}}{{}}{{}}{{}}{1}{B}{{}}2{{}}Franz Vohwinkel{{}}<em>To members of the cult of Erebos, gold-infused tattoos symbolize the inevitable grasp of the god of death.</em>{{}}B{{}}{{}}105{{}}C{{}}2.591{{}}{{}}{{}}Enchant creature|||When Scourgemark enters the battlefield, draw a card.|||Enchanted creature gets +1/+0.{{}}105{{}}TRUE
23641{{}}373517{{}}Sea God's Revenge{{}}Theros{{}}THE{{}}Sorcery{{}}{{}}{{}}{{}}{5}{U}{{}}6{{}}Eric Velhagen{{}}"<em>""What has neither mouth nor throat, yet swallows captain, crew, and boat?""</em>|||<em>—Sphinx's riddle</em>"{{}}U{{}}{{}}61{{}}U{{}}3.559{{}}{{}}{{}}Return up to three target creatures your opponents control to their owners' hands. Scry 1. <em>(Look at the top card of your library. You may put that card on the bottom of your library.)</em>{{}}61{{}}TRUE
23642{{}}373653{{}}Sealock Monster{{}}Theros{{}}THE{{}}Creature — Octopus{{}}5{{}}5{{}}{{}}{3}{U}{U}{{}}5{{}}Adam Paquette{{}}{{}}U{{}}{{}}62{{}}U{{}}3.971{{}}{{}}{{}}Sealock Monster can't attack unless defending player controls an Island.|||{5}{U}{U}: Monstrosity 3. <em>(If this creature isn't monstrous, put three +1/+1 counters on it and it becomes monstrous.)</em>|||When Sealock Monster becomes monstrous, target land becomes an Island in addition to its other types.{{}}62{{}}TRUE
23643{{}}373718{{}}Sedge Scorpion{{}}Theros{{}}THE{{}}Creature — Scorpion{{}}1{{}}1{{}}{{}}{G}{{}}1{{}}John Stanko{{}}<em>Thakolides the Mighty</em>|||<em>Slayer of minotaurs</em>|||<em>Vanquisher of giants</em>|||<em>Killed by a scorpion</em>|||<em>—Inscription on an Akroan grave</em>{{}}G{{}}{{}}177{{}}C{{}}3.942{{}}{{}}{{}}Deathtouch <em>(Any amount of damage this deals to a creature is enough to destroy it.)</em>{{}}177{{}}TRUE
23644{{}}373697{{}}Sentry of the Underworld{{}}Theros{{}}THE{{}}Creature — Griffin Skeleton{{}}3{{}}3{{}}{{}}{3}{W}{B}{{}}5{{}}Dave Kendall{{}}<em>When Athreos gathers the newly dead to be ferried across the Five Rivers That Ring the World, he sends skeletal griffins to fetch those who stray.</em>{{}}WB{{}}{{}}202{{}}U{{}}3.423{{}}{{}}{{}}Flying, vigilance|||{W}{B}, Pay 3 life: Regenerate Sentry of the Underworld.{{}}202{{}}TRUE
23645{{}}373515{{}}Setessan Battle Priest{{}}Theros{{}}THE{{}}Creature — Human Cleric{{}}1{{}}3{{}}{{}}{1}{W}{{}}2{{}}Wesley Burt{{}}"<em>""Your god teaches you only how to kill. Karametra teaches me to defend what I hold dear. That is why I will prevail.""</em>"{{}}W{{}}{{}}29{{}}C{{}}2.923{{}}{{}}{{}}Heroic — Whenever you cast a spell that targets Setessan Battle Priest, you gain 2 life.{{}}29{{}}TRUE
23646{{}}373574{{}}Setessan Griffin{{}}Theros{{}}THE{{}}Creature — Griffin{{}}3{{}}2{{}}{{}}{4}{W}{{}}5{{}}Greg Staples{{}}<em>Most griffins must be caught and broken into the service of the polis. Not so in Setessa, where they volunteer.</em>{{}}W{{}}{{}}30{{}}C{{}}2.235{{}}{{}}{{}}Flying|||{2}{G}{G}: Setessan Griffin gets +2/+2 until end of turn. Activate this ability only once each turn.{{}}30{{}}TRUE
23647{{}}373637{{}}Shipbreaker Kraken{{}}Theros{{}}THE{{}}Creature — Kraken{{}}6{{}}6{{}}{{}}{4}{U}{U}{{}}6{{}}Jack Wang{{}}{{}}U{{}}{{}}63{{}}R{{}}4.275{{}}{{}}{{}}{6}{U}{U}: Monstrosity 4. <em>(If this creature isn't monstrous, put four +1/+1 counters on it and it becomes monstrous.)</em>|||When Shipbreaker Kraken becomes monstrous, tap up to four target creatures. Those creatures don't untap during their controllers' untap steps for as long as you control Shipbreaker Kraken.{{}}63{{}}TRUE
23648{{}}373702{{}}Shipwreck Singer{{}}Theros{{}}THE{{}}Creature — Siren{{}}1{{}}2{{}}{{}}{U}{B}{{}}2{{}}Daarken{{}}<em>Her melody melds death and beauty with such artistry that even the gods weep to hear it.</em>{{}}UB{{}}{{}}203{{}}U{{}}4.238{{}}{{}}{{}}Flying|||{1}{U}: Target creature an opponent controls attacks this turn if able.|||{1}{B}, {T}: Attacking creatures get -1/-1 until end of turn.{{}}203{{}}TRUE
23649{{}}373676{{}}Shredding Winds{{}}Theros{{}}THE{{}}Instant{{}}{{}}{{}}{{}}{2}{G}{{}}3{{}}Christopher Moeller{{}}"<em>""Enemies of the wood! Your presence here is a slap in Nylea's face. Do not be surprised if she slaps back.""</em>|||<em>—Telphe, druid of Nylea</em>"{{}}G{{}}{{}}178{{}}C{{}}2.231{{}}{{}}{{}}Shredding Winds deals 7 damage to target creature with flying.{{}}178{{}}TRUE
23650{{}}373573{{}}Silent Artisan{{}}Theros{{}}THE{{}}Creature — Giant{{}}3{{}}5{{}}{{}}{3}{W}{W}{{}}5{{}}Anthony Palumbo{{}}<em>On the fourth day they passed through a forest of immense stacked stones. Althemone, youngest of the companions, called these pillars the work of a god, but the Champion knew better. She quickened her pace.</em>|||<em>—The Theriad</em>{{}}W{{}}{{}}31{{}}C{{}}1.676{{}}{{}}{{}}{{}}31{{}}TRUE
23651{{}}373598{{}}Sip of Hemlock{{}}Theros{{}}THE{{}}Sorcery{{}}{{}}{{}}{{}}{4}{B}{B}{{}}6{{}}Nils Hamm{{}}<em>Conspirators poisoned the oracle not because her visions were wrong, but because they were right.</em>{{}}B{{}}{{}}106{{}}C{{}}1.583{{}}{{}}{{}}Destroy target creature. Its controller loses 2 life.{{}}106{{}}TRUE
23652{{}}373529{{}}Soldier of the Pantheon{{}}Theros{{}}THE{{}}Creature — Human Soldier{{}}2{{}}1{{}}{{}}{W}{{}}1{{}}Eric Deschamps{{}}"<em>""I hear the gods' voices in my dreams each night, and I offer bloody trophies on their altars each day.""</em>"{{}}W{{}}{{}}32{{}}R{{}}4.636{{}}{{}}{{}}Protection from multicolored|||Whenever an opponent casts a multicolored spell, you gain 1 life.{{}}32{{}}TRUE
23653{{}}373618{{}}Spark Jolt{{}}Theros{{}}THE{{}}Instant{{}}{{}}{{}}{{}}{R}{{}}1{{}}Mike Bierek{{}}<em>Acolytes of Purphoros hammer the world until they see the sparks of change.</em>{{}}R{{}}{{}}140{{}}C{{}}3.889{{}}{{}}{{}}Spark Jolt deals 1 damage to target creature or player. Scry 1. <em>(Look at the top card of your library. You may put that card on the bottom of your library.)</em>{{}}140{{}}TRUE
23654{{}}373717{{}}Spear of Heliod{{}}Theros{{}}THE{{}}Legendary Enchantment Artifact{{}}{{}}{{}}{{}}{1}{W}{W}{{}}3{{}}Yeong-Hao Han{{}}<em>Legend speaks of the Sun Spear, the mighty weapon that can strike any point in Theros, even the depths of the Underworld.</em>{{}}AW{{}}{{}}33{{}}R{{}}4.438{{}}{{}}{{}}Creatures you control get +1/+1.|||{1}{W}{W}, {T}: Destroy target creature that dealt damage to you this turn.{{}}33{{}}TRUE
23655{{}}373732{{}}Spearpoint Oread{{}}Theros{{}}THE{{}}Enchantment Creature — Nymph{{}}2{{}}2{{}}{{}}{2}{R}{{}}3{{}}Todd Lockwood{{}}{{}}R{{}}{{}}141{{}}C{{}}2.75{{}}{{}}{{}}Bestow {5}{R} <em>(If you cast this card for its bestow cost, it's an Aura spell with enchant creature. It becomes a creature again if it's not attached to a creature.)</em>|||First strike|||Enchanted creature gets +2/+2 and has first strike.{{}}141{{}}TRUE
23656{{}}373554{{}}Spellheart Chimera{{}}Theros{{}}THE{{}}Creature — Chimera{{}}*{{}}3{{}}{{}}{1}{U}{R}{{}}3{{}}Svetlin Velinov{{}}<em>Thaumaturges remain silent around chimeras, lest their words conjure even stranger beasts.</em>{{}}UR{{}}{{}}204{{}}U{{}}4.543{{}}{{}}{{}}Flying, trample|||Spellheart Chimera's power is equal to the number of instant and sorcery cards in your graveyard.{{}}204{{}}TRUE
23657{{}}373591{{}}Staunch-Hearted Warrior{{}}Theros{{}}THE{{}}Creature — Human Warrior{{}}2{{}}2{{}}{{}}{3}{G}{{}}4{{}}Greg Staples{{}}<em>As soon as she faces a monster, she begins composing its epitaph.</em>{{}}G{{}}{{}}179{{}}C{{}}3.818{{}}{{}}{{}}Heroic — Whenever you cast a spell that targets Staunch-Hearted Warrior, put two +1/+1 counters on Staunch-Hearted Warrior.{{}}179{{}}TRUE
23658{{}}373539{{}}Steam Augury{{}}Theros{{}}THE{{}}Instant{{}}{{}}{{}}{{}}{2}{U}{R}{{}}4{{}}Dave Kendall{{}}<em>Keranos is a fickle god, delivering punishment as readily as prophecy.</em>{{}}UR{{}}{{}}205{{}}R{{}}4.058{{}}{{}}{{}}Reveal the top five cards of your library and separate them into two piles. An opponent chooses one of those piles. Put that pile into your hand and the other into your graveyard.{{}}205{{}}TRUE
23659{{}}373687{{}}Stoneshock Giant{{}}Theros{{}}THE{{}}Creature — Giant{{}}5{{}}4{{}}{{}}{3}{R}{R}{{}}5{{}}Lars Grant-West{{}}{{}}R{{}}{{}}142{{}}U{{}}3.2{{}}{{}}{{}}{6}{R}{R}: Monstrosity 3. <em>(If this creature isn't monstrous, put three +1/+1 counters on it and it becomes monstrous.)</em>|||When Stoneshock Giant becomes monstrous, creatures without flying your opponents control can't block this turn.{{}}142{{}}TRUE
23660{{}}373679{{}}Stormbreath Dragon{{}}Theros{{}}THE{{}}Creature — Dragon{{}}4{{}}4{{}}{{}}{3}{R}{R}{{}}5{{}}Slawomir Maniak{{}}{{}}R{{}}{{}}143{{}}M{{}}4.686{{}}{{}}{{}}Flying, haste, protection from white|||{5}{R}{R}: Monstrosity 3. <em>(If this creature isn't monstrous, put three +1/+1 counters on it and it becomes monstrous.)</em>|||When Stormbreath Dragon becomes monstrous, it deals damage to each opponent equal to the number of cards in that player's hand.{{}}143{{}}TRUE
23661{{}}373721{{}}Stymied Hopes{{}}Theros{{}}THE{{}}Instant{{}}{{}}{{}}{{}}{1}{U}{{}}2{{}}Peter Mohrbacher{{}}<em>When a god's will is against you, the day never ends well.</em>{{}}U{{}}{{}}64{{}}C{{}}2.231{{}}{{}}{{}}Counter target spell unless its controller pays {1}. Scry 1. <em>(Look at the top card of your library. You may put that card on the bottom of your library.)</em>{{}}64{{}}TRUE
23662{{}}373608{{}}Swamp{{}}Theros{{}}THE{{}}Basic Land — Swamp{{}}{{}}{{}}{{}}{{}}0{{}}Rob Alexander{{}}{{}}L{{}}{B}{{}}238{{}}C{{}}5{{}}{{}}2{{}}{B}{{}}238{{}}TRUE
23663{{}}373701{{}}Swan Song{{}}Theros{{}}THE{{}}Instant{{}}{{}}{{}}{{}}{U}{{}}1{{}}Peter Mohrbacher{{}}"<em>""The most enlightened mages create beauty from violence.""</em>|||<em>—Medomai the Ageless</em>"{{}}U{{}}{{}}65{{}}R{{}}4.232{{}}{{}}{{}}Counter target enchantment, instant, or sorcery spell. Its controller puts a 2/2 blue Bird creature token with flying onto the battlefield.{{}}65{{}}TRUE
23664{{}}373624{{}}Sylvan Caryatid{{}}Theros{{}}THE{{}}Creature — Plant{{}}0{{}}3{{}}{{}}{1}{G}{{}}2{{}}Chase Stone{{}}<em>Those who enter the copse never leave. They find peace there and take root, becoming part of the ever-growing grove.</em>{{}}G{{}}{W}{U}{B}{R}{G}{{}}180{{}}R{{}}4.667{{}}{{}}{{}}Defender, hexproof|||{T}: Add one mana of any color to your mana pool.{{}}180{{}}TRUE
23665{{}}373711{{}}Temple of Abandon{{}}Theros{{}}THE{{}}Land{{}}{{}}{{}}{{}}{{}}0{{}}Mike Bierek{{}}{{}}L{{}}{R}{G}{{}}224{{}}R{{}}3.1{{}}{{}}{{}}Temple of Abandon enters the battlefield tapped.|||When Temple of Abandon enters the battlefield, scry 1. <em>(Look at the top card of your library. You may put that card on the bottom of your library.)</em>|||{T}: Add {R} or {G} to your mana pool.{{}}224{{}}TRUE
23666{{}}373734{{}}Temple of Deceit{{}}Theros{{}}THE{{}}Land{{}}{{}}{{}}{{}}{{}}0{{}}Raymond Swanland{{}}{{}}L{{}}{U}{B}{{}}225{{}}R{{}}3.056{{}}{{}}{{}}Temple of Deceit enters the battlefield tapped.|||When Temple of Deceit enters the battlefield, scry 1. <em>(Look at the top card of your library. You may put that card on the bottom of your library.)</em>|||{T}: Add {U} or {B} to your mana pool.{{}}225{{}}TRUE
23667{{}}373571{{}}Temple of Mystery{{}}Theros{{}}THE{{}}Land{{}}{{}}{{}}{{}}{{}}0{{}}Noah Bradley{{}}{{}}L{{}}{G}{U}{{}}226{{}}R{{}}3.136{{}}{{}}{{}}Temple of Mystery enters the battlefield tapped.|||When Temple of Mystery enters the battlefield, scry 1. <em>(Look at the top card of your library. You may put that card on the bottom of your library.)</em>|||{T}: Add {G} or {U} to your mana pool.{{}}226{{}}TRUE
23668{{}}373522{{}}Temple of Silence{{}}Theros{{}}THE{{}}Land{{}}{{}}{{}}{{}}{{}}0{{}}Karl Kopinski{{}}{{}}L{{}}{W}{B}{{}}227{{}}R{{}}3.239{{}}{{}}{{}}Temple of Silence enters the battlefield tapped.|||When Temple of Silence enters the battlefield, scry 1. <em>(Look at the top card of your library. You may put that card on the bottom of your library.)</em>|||{T}: Add {W} or {B} to your mana pool.{{}}227{{}}TRUE
23669{{}}373560{{}}Temple of Triumph{{}}Theros{{}}THE{{}}Land{{}}{{}}{{}}{{}}{{}}0{{}}Jason Felix{{}}{{}}L{{}}{R}{W}{{}}228{{}}R{{}}3.239{{}}{{}}{{}}Temple of Triumph enters the battlefield tapped.|||When Temple of Triumph enters the battlefield, scry 1. <em>(Look at the top card of your library. You may put that card on the bottom of your library.)</em>|||{T}: Add {R} or {W} to your mana pool.{{}}228{{}}TRUE
23670{{}}373535{{}}Thassa, God of the Sea{{}}Theros{{}}THE{{}}Legendary Enchantment Creature — God{{}}5{{}}5{{}}{{}}{2}{U}{{}}3{{}}Jason Chan{{}}{{}}U{{}}{{}}66{{}}M{{}}4.702{{}}{{}}{{}}Indestructible|||As long as your devotion to blue is less than five, Thassa isn't a creature. <em>(Each {U} in the mana costs of permanents you control counts toward your devotion to blue.)</em>|||At the beginning of your upkeep, scry 1.|||{1}{U}: Target creature you control can't be blocked this turn.{{}}66{{}}TRUE
23671{{}}373662{{}}Thassa's Bounty{{}}Theros{{}}THE{{}}Sorcery{{}}{{}}{{}}{{}}{5}{U}{{}}6{{}}Ryan Yee{{}}"<em>""Was this gift cast adrift for any to find, or did Thassa guide the currents to bring it to me alone?""</em>|||<em>—Kenessos, priest of Thassa</em>"{{}}U{{}}{{}}67{{}}C{{}}2.143{{}}{{}}{{}}Draw three cards. Target player puts the top three cards of his or her library into his or her graveyard.{{}}67{{}}TRUE
23672{{}}373735{{}}Thassa's Emissary{{}}Theros{{}}THE{{}}Enchantment Creature — Crab{{}}3{{}}3{{}}{{}}{3}{U}{{}}4{{}}Sam Burley{{}}{{}}U{{}}{{}}68{{}}U{{}}4.206{{}}{{}}{{}}Bestow {5}{U} <em>(If you cast this card for its bestow cost, it's an Aura spell with enchant creature. It becomes a creature again if it's not attached to a creature.)</em>|||Whenever Thassa's Emissary or enchanted creature deals combat damage to a player, draw a card.|||Enchanted creature gets +3/+3.{{}}68{{}}TRUE
23673{{}}373632{{}}Thoughtseize{{}}Theros{{}}THE{{}}Sorcery{{}}{{}}{{}}{{}}{B}{{}}1{{}}Lucas Graciano{{}}"<em>""Knowledge is such a burden. Release it. Release all your fears to me.""</em>|||<em>—Ashiok, Nightmare Weaver</em>"{{}}B{{}}{{}}107{{}}R{{}}4.845{{}}{{}}{{}}Target player reveals his or her hand. You choose a nonland card from it. That player discards that card. You lose 2 life.{{}}107{{}}TRUE
23674{{}}373633{{}}Time to Feed{{}}Theros{{}}THE{{}}Sorcery{{}}{{}}{{}}{{}}{2}{G}{{}}3{{}}Wayne Reynolds{{}}{{}}G{{}}{{}}181{{}}C{{}}2.846{{}}{{}}{{}}Choose target creature an opponent controls. When that creature dies this turn, you gain 3 life. Target creature you control fights that|||creature. <em>(Each deals damage equal to its power to the other.)</em>{{}}181{{}}TRUE
23675{{}}373630{{}}Titan of Eternal Fire{{}}Theros{{}}THE{{}}Creature — Giant{{}}5{{}}6{{}}{{}}{5}{R}{{}}6{{}}Aleksi Briclot{{}}<em>There is no gift more precious or more perilous than fire.</em>{{}}R{{}}{{}}144{{}}R{{}}3.553{{}}{{}}{{}}"Each Human creature you control has ""{R}, {T}: This creature deals 1 damage to target creature or player."""{{}}144{{}}TRUE
23676{{}}373607{{}}Titan's Strength{{}}Theros{{}}THE{{}}Instant{{}}{{}}{{}}{{}}{R}{{}}1{{}}Karl Kopinski{{}}{{}}R{{}}{{}}145{{}}C{{}}4.37{{}}{{}}{{}}Target creature gets +3/+1 until end of turn. Scry 1. <em>(Look at the top card of your library. You may put that card on the bottom of your library.)</em>{{}}145{{}}TRUE
23677{{}}373541{{}}Tormented Hero{{}}Theros{{}}THE{{}}Creature — Human Warrior{{}}2{{}}1{{}}{{}}{B}{{}}1{{}}Winona Nelson{{}}{{}}B{{}}{{}}108{{}}U{{}}4.375{{}}{{}}{{}}Tormented Hero enters the battlefield tapped.|||Heroic — Whenever you cast a spell that targets Tormented Hero, each opponent loses 1 life. You gain life equal to the life lost this way.{{}}108{{}}TRUE
23678{{}}373690{{}}Traveler's Amulet{{}}Theros{{}}THE{{}}Artifact{{}}{{}}{{}}{{}}{1}{{}}1{{}}Franz Vohwinkel{{}}"<em>""What we call magic is nothing more than hope crystallized into a destination.""</em>|||<em>—Perisophia the philosopher</em>"{{}}A{{}}{{}}221{{}}C{{}}2.938{{}}{{}}{{}}{1}, Sacrifice Traveler's Amulet: Search your library for a basic land card, reveal it, and put it into your hand. Then shuffle your library.{{}}221{{}}TRUE
23679{{}}373512{{}}Traveling Philosopher{{}}Theros{{}}THE{{}}Creature — Human Advisor{{}}2{{}}2{{}}{{}}{1}{W}{{}}2{{}}James Ryman{{}}"<em>The Champion and the philosopher Olexa returned from the opposing camp at dusk. Behind them, the enemy raised sail and departed, breaking the siege. When asked what the two had done, the Champion replied, ""We spoke to them.""</em>|||<em>—The Theriad</em>"{{}}W{{}}{{}}34{{}}C{{}}2.286{{}}{{}}{{}}{{}}34{{}}TRUE
23680{{}}373685{{}}Triad of Fates{{}}Theros{{}}THE{{}}Legendary Creature — Human Wizard{{}}3{{}}3{{}}{{}}{2}{W}{B}{{}}4{{}}Daarken{{}}{{}}WB{{}}{{}}206{{}}R{{}}3.69{{}}{{}}{{}}{1}, {T}: Put a fate counter on another target creature.|||{W}, {T}: Exile target creature that has a fate counter on it, then return it to the battlefield under its owner's control.|||{B}, {T}: Exile target creature that has a fate counter on it. Its controller draws two cards.{{}}206{{}}TRUE
23681{{}}373531{{}}Triton Fortune Hunter{{}}Theros{{}}THE{{}}Creature — Merfolk Soldier{{}}2{{}}2{{}}{{}}{2}{U}{{}}3{{}}Clint Cearley{{}}"<em>""Thassa has blessed me with power and insight. I am careful not to disappoint her.""</em>"{{}}U{{}}{{}}69{{}}U{{}}4.115{{}}{{}}{{}}Heroic — Whenever you cast a spell that targets Triton Fortune Hunter, draw a card.{{}}69{{}}TRUE
23682{{}}373551{{}}Triton Shorethief{{}}Theros{{}}THE{{}}Creature — Merfolk Rogue{{}}1{{}}2{{}}{{}}{U}{{}}1{{}}Howard Lyon{{}}<em>At sunrise, the Champion and her companions awoke to find their supplies gone and Brygus, their sentry, dead. Carefully arranged piles of ornamental shells gave a clear warning: go no further.</em>|||<em>—The Theriad</em>{{}}U{{}}{{}}70{{}}C{{}}2.625{{}}{{}}{{}}{{}}70{{}}TRUE
23683{{}}373639{{}}Triton Tactics{{}}Theros{{}}THE{{}}Instant{{}}{{}}{{}}{{}}{U}{{}}1{{}}Jack Wang{{}}{{}}U{{}}{{}}71{{}}U{{}}4.289{{}}{{}}{{}}Up to two target creatures each get +0/+3 until end of turn. Untap those creatures. At this turn's next end of combat, tap each creature that was blocked by one of those creatures this turn and it doesn't untap during its controller's next untap step.{{}}71{{}}TRUE
23684{{}}373540{{}}Two-Headed Cerberus{{}}Theros{{}}THE{{}}Creature — Hound{{}}1{{}}2{{}}{{}}{1}{R}{R}{{}}3{{}}Karl Kopinski{{}}<em>The left head keeps the right head starved as motivation to track new prey.</em>{{}}R{{}}{{}}146{{}}C{{}}3.533{{}}{{}}{{}}Double strike <em>(This creature deals both first-strike and regular combat damage.)</em>{{}}146{{}}TRUE
23685{{}}373665{{}}Tymaret, the Murder King{{}}Theros{{}}THE{{}}Legendary Creature — Zombie Warrior{{}}2{{}}2{{}}{{}}{B}{R}{{}}2{{}}Volkan Baga{{}}<em>His memories remained in the Underworld, but his cruelty crossed the Rivers with him.</em>{{}}RB{{}}{{}}207{{}}R{{}}4.381{{}}{{}}{{}}{1}{R}, Sacrifice another creature: Tymaret, the Murder King deals 2 damage to target player.|||{1}{B}, Sacrifice a creature: Return Tymaret from your graveyard to your hand.{{}}207{{}}TRUE
23686{{}}373666{{}}Underworld Cerberus{{}}Theros{{}}THE{{}}Creature — Hound{{}}6{{}}6{{}}{{}}{3}{B}{R}{{}}5{{}}Svetlin Velinov{{}}{{}}RB{{}}{{}}208{{}}M{{}}4.7{{}}{{}}{{}}Underworld Cerberus can't be blocked except by three or more creatures.|||Cards in graveyards can't be the targets of spells or abilities.|||When Underworld Cerberus dies, exile it and each player returns all creature cards from his or her graveyard to his or her hand.{{}}208{{}}TRUE
23687{{}}373743{{}}Unknown Shores{{}}Theros{{}}THE{{}}Land{{}}{{}}{{}}{{}}{{}}0{{}}Seb McKinnon{{}}<em>Philosophers speak of a place where myths wash like tides upon the shores of the real.</em>{{}}L{{}}{W}{U}{B}{R}{G}{{}}229{{}}C{{}}2.273{{}}{{}}{{}}{T}: Add {1} to your mana pool.|||{1}, {T}: Add one mana of any color to your mana pool.{{}}229{{}}TRUE
23688{{}}373640{{}}Vanquish the Foul{{}}Theros{{}}THE{{}}Sorcery{{}}{{}}{{}}{{}}{5}{W}{{}}6{{}}Eric Deschamps{{}}{{}}W{{}}{{}}35{{}}U{{}}1.283{{}}{{}}{{}}Destroy target creature with power 4 or greater. Scry 1. <em>(Look at the top card of your library. You may put that card on the bottom of your library.)</em>{{}}35{{}}TRUE
23689{{}}373547{{}}Vaporkin{{}}Theros{{}}THE{{}}Creature — Elemental{{}}2{{}}1{{}}{{}}{1}{U}{{}}2{{}}Seb McKinnon{{}}"<em>""Mists are carefree. They drift where they will, unencumbered by rocks and river beds.""</em>|||<em>—Thrasios, triton hero</em>"{{}}U{{}}{{}}72{{}}C{{}}3.458{{}}{{}}{{}}Flying|||Vaporkin can block only creatures with flying.{{}}72{{}}TRUE
23690{{}}373499{{}}Viper's Kiss{{}}Theros{{}}THE{{}}Enchantment — Aura{{}}{{}}{{}}{{}}{B}{{}}1{{}}Svetlin Velinov{{}}"<em>""I could heal a snakebite. Looks like you got bitten by a constellation.""</em>|||<em>—Aescalos, healer of Pharika</em>"{{}}B{{}}{{}}109{{}}C{{}}3.1{{}}{{}}{{}}Enchant creature|||Enchanted creature gets -1/-1, and its activated abilities can't be activated.{{}}109{{}}TRUE
23691{{}}373527{{}}Voyage's End{{}}Theros{{}}THE{{}}Instant{{}}{{}}{{}}{{}}{1}{U}{{}}2{{}}Chris Rahn{{}}<em>Philosophers say those lost at sea ascended to a more perfect realm. Sailors say they drowned.</em>{{}}U{{}}{{}}73{{}}C{{}}4{{}}{{}}{{}}Return target creature to its owner's hand. Scry 1. <em>(Look at the top card of your library. You may put that card on the bottom of your library.)</em>{{}}73{{}}TRUE
23692{{}}373518{{}}Voyaging Satyr{{}}Theros{{}}THE{{}}Creature — Satyr Druid{{}}1{{}}2{{}}{{}}{1}{G}{{}}2{{}}Tyler Jacobson{{}}"<em>""None can own the land's bounty. The gods made this world for all to share its riches. And I'm not just saying that because you caught me stealing your fruit.""</em>"{{}}G{{}}{{}}182{{}}C{{}}4.435{{}}{{}}{{}}{T}: Untap target land.{{}}182{{}}TRUE
23693{{}}373655{{}}Vulpine Goliath{{}}Theros{{}}THE{{}}Creature — Fox{{}}6{{}}5{{}}{{}}{4}{G}{G}{{}}6{{}}Adam Paquette{{}}"<em>""With a diet of hydras, giants, and massive serpents, anything would get that big.""</em>|||<em>—Corisande, Setessan hunter</em>"{{}}G{{}}{{}}183{{}}C{{}}4.143{{}}{{}}{{}}Trample{{}}183{{}}TRUE
23694{{}}373613{{}}Warriors' Lesson{{}}Theros{{}}THE{{}}Instant{{}}{{}}{{}}{{}}{G}{{}}1{{}}Steve Prescott{{}}"<em>""Let each challenge make you a better warrior.""</em>|||<em>—Anthousa of Setessa</em>"{{}}G{{}}{{}}184{{}}U{{}}4.4{{}}{{}}{{}}"Until end of turn, up to two target creatures you control each gain ""Whenever this creature deals combat damage to a player, draw a card."""{{}}184{{}}TRUE
23695{{}}373534{{}}Wavecrash Triton{{}}Theros{{}}THE{{}}Creature — Merfolk Wizard{{}}1{{}}4{{}}{{}}{2}{U}{{}}3{{}}Ryan Barger{{}}{{}}U{{}}{{}}74{{}}C{{}}3.591{{}}{{}}{{}}Heroic — Whenever you cast a spell that targets Wavecrash Triton, tap target creature an opponent controls. That creature doesn't untap during its controller's next untap step.{{}}74{{}}TRUE
23696{{}}373709{{}}Whip of Erebos{{}}Theros{{}}THE{{}}Legendary Enchantment Artifact{{}}{{}}{{}}{{}}{2}{B}{B}{{}}4{{}}Yeong-Hao Han{{}}{{}}AB{{}}{{}}110{{}}R{{}}4.417{{}}{{}}{{}}Creatures you control have lifelink.|||{2}{B}{B}, {T}: Return target creature card from your graveyard to the battlefield. It gains haste. Exile it at the beginning of the next end step. If it would leave the battlefield, exile it instead of putting it anywhere else. Activate this ability only any time you could cast a sorcery.{{}}110{{}}TRUE
23697{{}}373526{{}}Wild Celebrants{{}}Theros{{}}THE{{}}Creature — Satyr{{}}5{{}}3{{}}{{}}{3}{R}{R}{{}}5{{}}Igor Kieryluk{{}}"<em>""You can tell something's really valuable by the sound it makes when you slam your staff into it.""</em>"{{}}R{{}}{{}}147{{}}C{{}}2.75{{}}{{}}{{}}When Wild Celebrants enters the battlefield, you may destroy target artifact.{{}}147{{}}TRUE
23698{{}}373563{{}}Wingsteed Rider{{}}Theros{{}}THE{{}}Creature — Human Knight{{}}2{{}}2{{}}{{}}{1}{W}{W}{{}}3{{}}Cynthia Sheppard{{}}<em>Trust is the only bridle a pegasus will accept.</em>{{}}W{{}}{{}}36{{}}C{{}}3.636{{}}{{}}{{}}Flying|||Heroic — Whenever you cast a spell that targets Wingsteed Rider, put a +1/+1 counter on Wingsteed Rider.{{}}36{{}}TRUE
23699{{}}373622{{}}Witches' Eye{{}}Theros{{}}THE{{}}Artifact — Equipment{{}}{{}}{{}}{{}}{1}{{}}1{{}}Daniel Ljunggren{{}}<em>The price of prophecy is a vacant eye socket.</em>{{}}A{{}}{{}}222{{}}U{{}}2.458{{}}{{}}{{}}"Equipped creature has ""{1}, {T}: Scry 1."" <em>(To scry 1, look at the top card of your library, then you may put that card on the bottom of your library.)</em>|||Equip {1}"{{}}222{{}}TRUE
23700{{}}373502{{}}Xenagos, the Reveler{{}}Theros{{}}THE{{}}Planeswalker — Xenagos{{}}{{}}{{}}3{{}}{2}{R}{G}{{}}4{{}}Jason Chan{{}}{{}}GR{{}}{R}{G}{{}}209{{}}M{{}}4.64{{}}{{}}{{}}+1: Add X mana in any combination of {R} and/or {G} to your mana pool, where X is the number of creatures you control.|||0: Put a 2/2 red and green Satyr creature token with haste onto the battlefield.|||-6: Exile the top seven cards of your library. You may {{}}209{{}}TRUE
23701{{}}373572{{}}Yoked Ox{{}}Theros{{}}THE{{}}Creature — Ox{{}}0{{}}4{{}}{{}}{W}{{}}1{{}}Ryan Yee{{}}<em>It was in fields of grain, not fields of battle, that the Champion learned to bear the yoke of duty to the gods. She worked the land long before she was called on to defend it.</em>|||<em>—The Theriad</em>{{}}W{{}}{{}}37{{}}C{{}}3.225{{}}{{}}{{}}{{}}37{{}}TRUE
23702{{}}373568{{}}Forest{{}}Theros{{}}THE{{}}Basic Land — Forest{{}}{{}}{{}}{{}}{{}}0{{}}Rob Alexander{{}}{{}}L{{}}{G}{{}}248{{}}C{{}}5{{}}{{}}1{{}}{G}{{}}248{{}}TRUE
23703{{}}373625{{}}Forest{{}}Theros{{}}THE{{}}Basic Land — Forest{{}}{{}}{{}}{{}}{{}}0{{}}Steven Belledin{{}}{{}}L{{}}{G}{{}}248{{}}C{{}}5{{}}{{}}3{{}}{G}{{}}248{{}}TRUE
23704{{}}373688{{}}Forest{{}}Theros{{}}THE{{}}Basic Land — Forest{{}}{{}}{{}}{{}}{{}}0{{}}Raoul Vitale{{}}{{}}L{{}}{G}{{}}248{{}}C{{}}5{{}}{{}}4{{}}{G}{{}}248{{}}TRUE
23705{{}}373558{{}}Island{{}}Theros{{}}THE{{}}Basic Land — Island{{}}{{}}{{}}{{}}{{}}0{{}}Rob Alexander{{}}{{}}L{{}}{U}{{}}235{{}}C{{}}3.786{{}}{{}}1{{}}{U}{{}}235{{}}TRUE
23706{{}}373723{{}}Island{{}}Theros{{}}THE{{}}Basic Land — Island{{}}{{}}{{}}{{}}{{}}0{{}}Adam Paquette{{}}{{}}L{{}}{U}{{}}235{{}}C{{}}3.786{{}}{{}}3{{}}{U}{{}}235{{}}TRUE
23707{{}}373736{{}}Island{{}}Theros{{}}THE{{}}Basic Land — Island{{}}{{}}{{}}{{}}{{}}0{{}}Raoul Vitale{{}}{{}}L{{}}{U}{{}}235{{}}C{{}}3.786{{}}{{}}4{{}}{U}{{}}235{{}}TRUE
23708{{}}373546{{}}Mountain{{}}Theros{{}}THE{{}}Basic Land — Mountain{{}}{{}}{{}}{{}}{{}}0{{}}Raoul Vitale{{}}{{}}L{{}}{R}{{}}242{{}}C{{}}3.5{{}}{{}}1{{}}{R}{{}}242{{}}TRUE
23709{{}}373683{{}}Mountain{{}}Theros{{}}THE{{}}Basic Land — Mountain{{}}{{}}{{}}{{}}{{}}0{{}}Adam Paquette{{}}{{}}L{{}}{R}{{}}242{{}}C{{}}3.5{{}}{{}}3{{}}{R}{{}}242{{}}TRUE
23710{{}}373746{{}}Mountain{{}}Theros{{}}THE{{}}Basic Land — Mountain{{}}{{}}{{}}{{}}{{}}0{{}}Steven Belledin{{}}{{}}L{{}}{R}{{}}242{{}}C{{}}3.5{{}}{{}}4{{}}{R}{{}}242{{}}TRUE
23711{{}}373533{{}}Plains{{}}Theros{{}}THE{{}}Basic Land — Plains{{}}{{}}{{}}{{}}{{}}0{{}}Steven Belledin{{}}{{}}L{{}}{W}{{}}233{{}}C{{}}3.667{{}}{{}}1{{}}{W}{{}}233{{}}TRUE
23712{{}}373654{{}}Plains{{}}Theros{{}}THE{{}}Basic Land — Plains{{}}{{}}{{}}{{}}{{}}0{{}}Rob Alexander{{}}{{}}L{{}}{W}{{}}233{{}}C{{}}3.667{{}}{{}}3{{}}{W}{{}}233{{}}TRUE
23713{{}}373700{{}}Plains{{}}Theros{{}}THE{{}}Basic Land — Plains{{}}{{}}{{}}{{}}{{}}0{{}}Adam Paquette{{}}{{}}L{{}}{W}{{}}233{{}}C{{}}3.667{{}}{{}}4{{}}{W}{{}}233{{}}TRUE
23714{{}}373567{{}}Swamp{{}}Theros{{}}THE{{}}Basic Land — Swamp{{}}{{}}{{}}{{}}{{}}0{{}}Steven Belledin{{}}{{}}L{{}}{B}{{}}238{{}}C{{}}5{{}}{{}}1{{}}{B}{{}}238{{}}TRUE
23715{{}}373681{{}}Swamp{{}}Theros{{}}THE{{}}Basic Land — Swamp{{}}{{}}{{}}{{}}{{}}0{{}}Raoul Vitale{{}}{{}}L{{}}{B}{{}}238{{}}C{{}}5{{}}{{}}3{{}}{B}{{}}238{{}}TRUE
23716{{}}373706{{}}Swamp{{}}Theros{{}}THE{{}}Basic Land — Swamp{{}}{{}}{{}}{{}}{{}}0{{}}Adam Paquette{{}}{{}}L{{}}{B}{{}}238{{}}C{{}}5{{}}{{}}4{{}}{B}{{}}238{{}}TRUE
